-- phpMyAdmin SQL Dump
-- version 5.1.1
-- https://www.phpmyadmin.net/
--
-- Host: 127.0.0.1
-- Generation Time: Nov 01, 2021 at 06:09 AM
-- Server version: 10.4.21-MariaDB
-- PHP Version: 7.3.31

SET SQL_MODE = "NO_AUTO_VALUE_ON_ZERO";
START TRANSACTION;
SET time_zone = "+00:00";


/*!40101 SET @OLD_CHARACTER_SET_CLIENT=@@CHARACTER_SET_CLIENT */;
/*!40101 SET @OLD_CHARACTER_SET_RESULTS=@@CHARACTER_SET_RESULTS */;
/*!40101 SET @OLD_COLLATION_CONNECTION=@@COLLATION_CONNECTION */;
/*!40101 SET NAMES utf8mb4 */;

--
-- Database: `pmst16_pmis`
--

-- --------------------------------------------------------

--
-- Table structure for table `activity`
--

CREATE TABLE `activity` (
  `aid` int(11) NOT NULL,
  `itemid` int(11) NOT NULL,
  `startdate` date NOT NULL,
  `enddate` date NOT NULL,
  `rid` int(11) NOT NULL,
  `baseline` double NOT NULL,
  `temp_id` int(11) NOT NULL
) ENGINE=MyISAM DEFAULT CHARSET=latin1;

-- --------------------------------------------------------

--
-- Table structure for table `activity_log`
--

CREATE TABLE `activity_log` (
  `log_cd` int(11) NOT NULL,
  `log_module` varchar(200) NOT NULL,
  `log_title` varchar(200) NOT NULL,
  `log_date` timestamp NOT NULL DEFAULT current_timestamp() ON UPDATE current_timestamp(),
  `log_ip` varchar(200) NOT NULL,
  `itemid` int(11) NOT NULL,
  `code` varchar(100) NOT NULL,
  `secheduleid` varchar(200) NOT NULL,
  `startdate` date NOT NULL,
  `enddate` date NOT NULL,
  `actualstartdate` date NOT NULL,
  `actualenddate` date NOT NULL,
  `aorder` int(11) NOT NULL,
  `baseline` float NOT NULL,
  `remarks` text NOT NULL,
  `rid` int(11) NOT NULL,
  `transaction_id` int(11) NOT NULL
) ENGINE=MyISAM DEFAULT CHARSET=latin1;

-- --------------------------------------------------------

--
-- Table structure for table `baseline`
--

CREATE TABLE `baseline` (
  `rid` int(11) NOT NULL,
  `base_code` varchar(50) DEFAULT NULL,
  `base_desc` text NOT NULL,
  `unit` varchar(100) NOT NULL,
  `quantity` double NOT NULL,
  `unit_type` int(11) NOT NULL,
  `temp_id` int(11) DEFAULT NULL
) ENGINE=MyISAM DEFAULT CHARSET=latin1;

-- --------------------------------------------------------

--
-- Table structure for table `baseline_mapping_boqs`
--

CREATE TABLE `baseline_mapping_boqs` (
  `bitem_id` int(11) NOT NULL,
  `rid` int(11) DEFAULT NULL,
  `boqid` int(11) DEFAULT NULL
) ENGINE=InnoDB DEFAULT CHARSET=latin1;

--
-- Dumping data for table `baseline_mapping_boqs`
--

INSERT INTO `baseline_mapping_boqs` (`bitem_id`, `rid`, `boqid`) VALUES
(2, 1, 0);

-- --------------------------------------------------------

--
-- Table structure for table `baseline_template`
--

CREATE TABLE `baseline_template` (
  `temp_id` int(11) NOT NULL,
  `temp_title` varchar(200) DEFAULT NULL,
  `temp_desc` text DEFAULT NULL,
  `temp_is_default` int(11) DEFAULT NULL,
  `use_data` float NOT NULL,
  `active_temp` int(11) NOT NULL
) ENGINE=InnoDB DEFAULT CHARSET=latin1;

-- --------------------------------------------------------

--
-- Table structure for table `base_data_cube`
--

CREATE TABLE `base_data_cube` (
  `parentcd` int(11) NOT NULL,
  `parentgroup` text NOT NULL,
  `activitylevel` int(11) NOT NULL,
  `stage` varchar(200) NOT NULL,
  `itemcode` varchar(100) NOT NULL,
  `itemname` text NOT NULL,
  `weight` float NOT NULL,
  `isentry` tinyint(1) NOT NULL,
  `resources` text NOT NULL,
  `aorder` int(11) NOT NULL,
  `kpi_temp_id` int(11) NOT NULL,
  `activityid` int(11) NOT NULL,
  `kaweight` float NOT NULL,
  `kpiid` int(11) NOT NULL,
  `kaid` int(11) NOT NULL DEFAULT 0,
  `aid` int(11) NOT NULL DEFAULT 0,
  `startdate` date NOT NULL,
  `enddate` date NOT NULL,
  `baseline` double NOT NULL,
  `temp_id` int(11) NOT NULL,
  `scid` int(11) NOT NULL COMMENT 'kpiscale id',
  `rid` int(11) NOT NULL COMMENT 'resource id',
  `planned` double NOT NULL,
  `actual` double NOT NULL,
  `comm_planned` double NOT NULL,
  `comm_actual` double NOT NULL,
  `total_planned` double NOT NULL,
  `total_actual` double NOT NULL,
  `planned_perc` double NOT NULL,
  `actual_perc` double NOT NULL,
  `base_desc` text NOT NULL,
  `unit` varchar(100) NOT NULL,
  `quantity` double NOT NULL,
  `unit_type` int(11) NOT NULL,
  `itemid` int(11) NOT NULL
) ENGINE=InnoDB DEFAULT CHARSET=latin1;

-- --------------------------------------------------------

--
-- Table structure for table `boq`
--

CREATE TABLE `boq` (
  `boqid` int(11) NOT NULL,
  `itemid` int(11) NOT NULL,
  `boqcode` varchar(100) NOT NULL,
  `boqitem` text NOT NULL,
  `boqunit` varchar(100) NOT NULL,
  `boq_base_currency` varchar(100) DEFAULT NULL,
  `boqqty` double DEFAULT NULL,
  `boq_cur_1` varchar(100) DEFAULT NULL,
  `cur_1_exchrate` double DEFAULT NULL,
  `boq_cur_1_rate` double DEFAULT NULL,
  `boq_cur_2` varchar(100) DEFAULT NULL,
  `cur_2_exchrate` double DEFAULT NULL,
  `boq_cur_2_rate` double DEFAULT NULL,
  `boq_cur_3` varchar(100) DEFAULT NULL,
  `cur_3_exchrate` int(11) DEFAULT NULL,
  `boq_cur_3_rate` int(11) DEFAULT NULL
) ENGINE=MyISAM DEFAULT CHARSET=latin1 ROW_FORMAT=COMPACT;

--
-- Dumping data for table `boq`
--

INSERT INTO `boq` (`boqid`, `itemid`, `boqcode`, `boqitem`, `boqunit`, `boq_base_currency`, `boqqty`, `boq_cur_1`, `cur_1_exchrate`, `boq_cur_1_rate`, `boq_cur_2`, `cur_2_exchrate`, `boq_cur_2_rate`, `boq_cur_3`, `cur_3_exchrate`, `boq_cur_3_rate`) VALUES
(2, 21, '1.1.1.1.1', 'Earth works BOQ 1', 'Cum', 'PKR', 2000, 'PKR', 1, 500, 'USD', 150, 50, '', 0, 0),
(3, 23, '1.1.2.1.1', 'Earth works BOQ 2', 'Cum', 'PKR', 3000, 'PKR', 1, 1000, 'USD', 150, 10, '', 0, 0),
(4, 25, '1.2.1.1.1', 'Concerte Works BOQ 1', 'Cum', 'PKR', 2000, 'PKR', 1, 500, 'USD', 150, 50, '', 0, 0),
(5, 27, '1.2.2.1.1', 'Concerte Works BOQ 2', 'cum', 'PKR', 3000, 'PKR', 1, 1000, 'USD', 150, 10, '', 0, 0),
(6, 30, '1.3.1.1.1', 'Geotechnical installation BOQ 1', 'Cum', 'PKR', 2000, 'PKR', 1, 500, 'USD', 150, 50, '', 0, 0),
(7, 31, '1.3.2.1.1', 'Geotechnical installation BOQ 2', 'Cum', 'PKR', 3000, 'PKR', 1, 1000, 'USD', 150, 10, '', 0, 0),
(8, 34, '1.4.1.1.1', 'Connection of tunnels BOQ 1', 'Cum', 'PKR', 2000, 'PKR', 1, 500, 'USD', 150, 50, '', 0, 0),
(9, 35, '1.4.2.1.1', 'Connection of tunnels BOQ 2', 'Cum', 'PKR', 3000, 'PKR', 1, 1000, 'USD', 150, 10, '', 0, 0);

-- --------------------------------------------------------

--
-- Table structure for table `boqdata`
--

CREATE TABLE `boqdata` (
  `itemid` int(11) NOT NULL,
  `parentcd` int(11) NOT NULL,
  `parentgroup` text NOT NULL,
  `activitylevel` int(11) NOT NULL,
  `stage` varchar(200) NOT NULL,
  `factor` double DEFAULT NULL,
  `itemcode` varchar(100) NOT NULL,
  `itemname` text NOT NULL,
  `weight` float NOT NULL,
  `activities` text NOT NULL,
  `isentry` tinyint(1) NOT NULL,
  `resources` text NOT NULL,
  `aorder` int(11) NOT NULL
) ENGINE=MyISAM DEFAULT CHARSET=latin1;

--
-- Dumping data for table `boqdata`
--

INSERT INTO `boqdata` (`itemid`, `parentcd`, `parentgroup`, `activitylevel`, `stage`, `factor`, `itemcode`, `itemname`, `weight`, `activities`, `isentry`, `resources`, `aorder`) VALUES
(18, 14, '000013_000014_000018', 2, 'BOQ', NULL, '1.3', 'Geotechnical Installation', 0, '', 0, '', 0),
(17, 14, '000013_000014_000017', 2, 'BOQ', NULL, '1.2', 'Concrete Works', 0, '', 0, '', 0),
(13, 0, '000013', 0, 'BOQ', NULL, '01', 'Tarbela 4th extension project 1400 MW Power generation ', 0, '', 0, '', 0),
(14, 13, '000013_000014', 1, 'BOQ', NULL, '1', 'Civil Works', 0, '', 0, '', 0),
(15, 13, '000013_000015', 1, 'BOQ', NULL, '2', 'E & M Works', 0, '', 0, '', 0),
(16, 14, '000013_000014_000016', 2, 'BOQ', NULL, '1.1', 'Earthworks', 0, '', 0, '', 0),
(19, 14, '000013_000014_000019', 2, 'BOQ', NULL, '1.4', 'Connection of tunnels', 0, '', 0, '', 0),
(20, 16, '000013_000014_000016_000020', 3, 'BOQ', NULL, '1.1.1', 'Earth works Activity 1', 0, '', 0, '', 0),
(21, 20, '000013_000014_000016_000020_000021', 4, 'BOQ', NULL, '1.1.1.1', 'Earth works Sub Activity 1', 0, '', 1, '', 0),
(22, 16, '000013_000014_000016_000022', 3, 'BOQ', NULL, '1.1.2', 'Earth works Activity 2', 0, '', 0, '', 0),
(23, 22, '000013_000014_000016_000022_000023', 4, 'BOQ', NULL, '1.1.2.1', 'Earth works Sub Activity 2', 0, '', 1, '', 0),
(24, 17, '000013_000014_000017_000024', 3, 'BOQ', NULL, '1.2.1', 'Concerte Works Activity 1', 0, '', 0, '', 0),
(25, 24, '000013_000014_000017_000024_000025', 4, 'BOQ', NULL, '1.2.1.1', 'Concerte Works sub Activity 1', 0, '', 1, '', 0),
(26, 17, '000013_000014_000017_000026', 3, 'BOQ', NULL, '1.2.2', 'Concerte Works Activity 2', 0, '', 0, '', 0),
(27, 26, '000013_000014_000017_000026_000027', 4, 'BOQ', NULL, '1.2.2.1', 'Concerte Works sub Activity 2', 0, '', 1, '', 0),
(28, 18, '000013_000014_000018_000028', 3, 'BOQ', NULL, '1.3.1', 'Geotechnical installation activity 1', 0, '', 0, '', 0),
(29, 18, '000013_000014_000018_000029', 3, 'BOQ', NULL, '1.3.2', 'Geotechnical installation activity 2', 0, '', 0, '', 0),
(30, 28, '000013_000014_000018_000028_000030', 4, 'BOQ', NULL, '1.3.1.1', 'Geotechnical installation sub activity 1', 0, '', 1, '', 0),
(31, 29, '000013_000014_000018_000029_000031', 4, 'BOQ', NULL, '1.3.2.1', 'Geotechnical installation sub activity 2', 0, '', 1, '', 0),
(32, 19, '000013_000014_000019_000032', 3, 'BOQ', NULL, '1.4.1', 'Connection of tunnels activity 1', 0, '', 0, '', 0),
(33, 19, '000013_000014_000019_000033', 3, 'BOQ', NULL, '1.4.2', 'Connection of tunnels activity 2', 0, '', 0, '', 0),
(34, 32, '000013_000014_000019_000032_000034', 4, 'BOQ', NULL, '1.4.1.1', 'Connection of tunnels sub activity 1', 0, '', 1, '', 0),
(35, 33, '000013_000014_000019_000033_000035', 4, 'BOQ', NULL, '1.4.2.1', 'Connection of tunnels sub activity 2', 0, '', 1, '', 0);

-- --------------------------------------------------------

--
-- Table structure for table `ipc`
--

CREATE TABLE `ipc` (
  `ipcid` int(11) NOT NULL,
  `ipcno` varchar(100) NOT NULL,
  `ipcmonth` varchar(100) NOT NULL,
  `ipcstartdate` date NOT NULL,
  `ipcenddate` date NOT NULL,
  `ipcsubmitdate` date NOT NULL,
  `ipcreceivedate` date NOT NULL,
  `status` varchar(1) NOT NULL
) ENGINE=MyISAM DEFAULT CHARSET=latin1;

--
-- Dumping data for table `ipc`
--

INSERT INTO `ipc` (`ipcid`, `ipcno`, `ipcmonth`, `ipcstartdate`, `ipcenddate`, `ipcsubmitdate`, `ipcreceivedate`, `status`) VALUES
(1, 'IPC-01', '2021-09', '2021-08-01', '2021-08-31', '2021-08-03', '2021-08-05', '0'),
(2, 'IPC-02', '2021-12', '2021-12-01', '2021-12-31', '2021-12-28', '2021-12-29', '0'),
(3, 'IPC-03', '2021-11', '2021-10-01', '2021-10-30', '2021-10-07', '2021-10-08', '0'),
(4, 'IPC-04', '2021-12', '2021-07-01', '2021-07-31', '2021-07-29', '2021-07-30', '1'),
(5, 'IPC-05', '2022-02', '2021-07-01', '2021-07-31', '2021-07-28', '2021-07-29', '0'),
(7, 'IPC-06', '2022-06', '2021-09-01', '2021-09-30', '2021-09-29', '2021-09-30', '0');

-- --------------------------------------------------------

--
-- Table structure for table `ipcv`
--

CREATE TABLE `ipcv` (
  `ipcvid` int(11) NOT NULL,
  `ipcid` int(11) NOT NULL,
  `boqid` int(11) NOT NULL,
  `ipcqty` double NOT NULL
) ENGINE=MyISAM DEFAULT CHARSET=latin1;

--
-- Dumping data for table `ipcv`
--

INSERT INTO `ipcv` (`ipcvid`, `ipcid`, `boqid`, `ipcqty`) VALUES
(12, 4, 2, 1500),
(13, 2, 9, 2800),
(14, 4, 6, 2200),
(15, 7, 7, 1570),
(16, 4, 4, 1900),
(17, 4, 3, 1100),
(18, 4, 8, 1800),
(19, 4, 5, 500);

-- --------------------------------------------------------

--
-- Table structure for table `ipc_log`
--

CREATE TABLE `ipc_log` (
  `log_cd` int(11) NOT NULL,
  `log_module` varchar(210) NOT NULL,
  `log_title` varchar(210) NOT NULL,
  `log_date` timestamp NOT NULL DEFAULT current_timestamp() ON UPDATE current_timestamp(),
  `log_ip` varchar(200) NOT NULL,
  `ipcno` varchar(100) NOT NULL,
  `ipcmonth` varchar(100) NOT NULL,
  `ipcstartdate` date NOT NULL,
  `ipcenddate` date NOT NULL,
  `ipcsubmitdate` date NOT NULL,
  `ipcreceivedate` date NOT NULL,
  `status` varchar(1) NOT NULL,
  `transaction_id` int(11) NOT NULL
) ENGINE=InnoDB DEFAULT CHARSET=latin1;

-- --------------------------------------------------------

--
-- Table structure for table `kpidata`
--

CREATE TABLE `kpidata` (
  `kpiid` int(11) NOT NULL,
  `parentcd` int(11) NOT NULL,
  `parentgroup` text NOT NULL,
  `activitylevel` int(11) NOT NULL,
  `stage` varchar(200) NOT NULL,
  `itemcode` varchar(100) NOT NULL,
  `itemname` text NOT NULL,
  `weight` float NOT NULL,
  `isentry` tinyint(1) NOT NULL,
  `resources` text NOT NULL,
  `aorder` int(11) NOT NULL,
  `kpi_temp_id` int(11) NOT NULL
) ENGINE=MyISAM DEFAULT CHARSET=latin1;

-- --------------------------------------------------------

--
-- Table structure for table `kpidata_etl`
--

CREATE TABLE `kpidata_etl` (
  `keid` int(11) NOT NULL,
  `kpiid` int(11) NOT NULL,
  `parentcd` int(11) NOT NULL,
  `parentgroup` text NOT NULL,
  `activitylevel` int(11) NOT NULL,
  `stage` varchar(200) NOT NULL,
  `itemcode` varchar(100) NOT NULL,
  `itemname` text NOT NULL,
  `weight` float NOT NULL,
  `isentry` tinyint(1) NOT NULL,
  `resources` text NOT NULL,
  `aorder` int(11) NOT NULL,
  `kpi_temp_id` int(11) NOT NULL,
  `scid` int(11) NOT NULL,
  `unit` varchar(100) NOT NULL,
  `baseline` double NOT NULL,
  `weighted_planned` double NOT NULL,
  `weighted_actual` double NOT NULL,
  `kpi_comm_planned` double NOT NULL,
  `kpi_comm_actual` double NOT NULL
) ENGINE=MyISAM DEFAULT CHARSET=latin1;

-- --------------------------------------------------------

--
-- Table structure for table `kpidata_result`
--

CREATE TABLE `kpidata_result` (
  `keid` int(11) NOT NULL,
  `kpiid` int(11) NOT NULL,
  `parentcd` int(11) NOT NULL,
  `parentgroup` text NOT NULL,
  `activitylevel` int(11) NOT NULL,
  `stage` varchar(200) NOT NULL,
  `itemcode` varchar(100) NOT NULL,
  `itemname` text NOT NULL,
  `weight` float NOT NULL,
  `isentry` tinyint(1) NOT NULL,
  `resources` text NOT NULL,
  `aorder` int(11) NOT NULL,
  `kpi_temp_id` int(11) NOT NULL,
  `scid` int(11) NOT NULL,
  `unit` varchar(100) NOT NULL,
  `baseline` double NOT NULL,
  `weighted_planned` double NOT NULL,
  `weighted_actual` double NOT NULL,
  `kpi_comm_planned` double NOT NULL,
  `kpi_comm_actual` double NOT NULL
) ENGINE=MyISAM DEFAULT CHARSET=latin1;

-- --------------------------------------------------------

--
-- Table structure for table `kpiscale`
--

CREATE TABLE `kpiscale` (
  `scid` int(11) NOT NULL,
  `scmonth` varchar(7) NOT NULL,
  `scyear` varchar(4) NOT NULL,
  `scquarter` varchar(1) NOT NULL
) ENGINE=MyISAM DEFAULT CHARSET=latin1;

-- --------------------------------------------------------

--
-- Table structure for table `kpi_activity`
--

CREATE TABLE `kpi_activity` (
  `kaid` int(11) NOT NULL,
  `kpiid` int(11) NOT NULL,
  `activityid` int(11) NOT NULL,
  `kaweight` float NOT NULL
) ENGINE=MyISAM DEFAULT CHARSET=latin1;

-- --------------------------------------------------------

--
-- Table structure for table `kpi_base_level_report`
--

CREATE TABLE `kpi_base_level_report` (
  `temp_id` int(11) NOT NULL,
  `kpi_temp_id` int(11) NOT NULL,
  `kpiid` int(11) NOT NULL DEFAULT 0,
  `itemcode` varchar(100) NOT NULL,
  `itemname` text NOT NULL,
  `parentcd` int(11) NOT NULL,
  `parentgroup` text NOT NULL,
  `activitylevel` int(11) NOT NULL,
  `weight` float NOT NULL,
  `startdate` date DEFAULT NULL,
  `enddate` date DEFAULT NULL,
  `baseline` double DEFAULT NULL,
  `rid` int(11) NOT NULL,
  `unit` varchar(100) NOT NULL,
  `scid` int(11) NOT NULL COMMENT 'kpiscale id',
  `kpi_planned` double DEFAULT NULL,
  `kpi_actual` double DEFAULT NULL,
  `kpi_comm_planned` double DEFAULT NULL,
  `kpi_comm_actual` double DEFAULT NULL,
  `kpi_planned_per` double DEFAULT NULL,
  `kpi_actual_per` double DEFAULT NULL
) ENGINE=InnoDB DEFAULT CHARSET=latin1;

-- --------------------------------------------------------

--
-- Table structure for table `kpi_colors`
--

CREATE TABLE `kpi_colors` (
  `kpi_color_id` int(11) NOT NULL,
  `kpi_color` varchar(10) NOT NULL,
  `kpi_actlevel` int(11) NOT NULL
) ENGINE=InnoDB DEFAULT CHARSET=latin1;

--
-- Dumping data for table `kpi_colors`
--

INSERT INTO `kpi_colors` (`kpi_color_id`, `kpi_color`, `kpi_actlevel`) VALUES
(1, '#32CD32', 0),
(2, '#5F9EA0', 1),
(3, '#8FBC8F', 2),
(4, '#00CED1', 3),
(5, '#ADD8E6', 4),
(6, '#E0FFFF', 5),
(7, '#20B2AA', 6),
(8, '#87CEFA', 7),
(9, '#B0C4DE', 8),
(10, '#66CDAA', 9),
(11, '#9370DB', 10),
(12, '#48D1CC', 11),
(13, '#EEE8AA', 12),
(14, '#98FB98', 13),
(15, '#AFEEEE', 14),
(16, '#FFEFD5', 15),
(17, '#FFDAB9', 16),
(18, '#DDA0DD', 17),
(19, '#B0E0E6', 18),
(20, '#D8BFD8', 19),
(21, '#F5DEB3', 20),
(22, '#EE82EE', 21),
(23, '#87CEEB', 22),
(24, '#C0C0C0', 23),
(25, '#F4A460', 24),
(26, '#FA8072', 25),
(27, '#BC8F8F', 26),
(28, '#FFC0CB', 27),
(29, '#DA70D6', 28),
(30, '#FDF5E6', 29),
(31, '#FFDEAD', 30),
(32, '#FFE4E1', 31),
(33, '#00FA9A', 32),
(34, '#FAF0E6', 33),
(35, '#778899', 34),
(36, '#FFA07A', 35),
(37, '#FFB6C1', 36),
(38, '#90EE90', 37),
(39, '#D3D3D3', 38),
(40, '#FAFAD2', 39),
(41, '#E6E6FA', 40),
(42, '#CD5C5C', 41),
(43, '#DAA520', 42),
(44, '#00BFFF', 43),
(45, '#E9967A', 44),
(46, '#008B8B', 45),
(47, '#6495ED', 46),
(48, '#7FFFD4', 47),
(49, '#FAEBD7', 48),
(50, '#F5F5DC', 49);

-- --------------------------------------------------------

--
-- Table structure for table `kpi_monthly_progress_report`
--

CREATE TABLE `kpi_monthly_progress_report` (
  `kpi_id` int(11) NOT NULL,
  `kpi_start` date NOT NULL,
  `kpi_end` date NOT NULL,
  `kpi_gend` date NOT NULL,
  `kpi_till_last` date DEFAULT NULL
) ENGINE=MyISAM DEFAULT CHARSET=latin1;

-- --------------------------------------------------------

--
-- Table structure for table `kpi_templates`
--

CREATE TABLE `kpi_templates` (
  `kpi_temp_id` int(11) NOT NULL,
  `kpi_temp_title` varchar(300) DEFAULT NULL,
  `kpi_temp_desc` varchar(500) DEFAULT NULL,
  `temp_id` int(11) DEFAULT NULL,
  `is_default_temp` int(11) DEFAULT NULL,
  `is_active` int(11) DEFAULT NULL,
  `is_eva` int(11) NOT NULL
) ENGINE=InnoDB DEFAULT CHARSET=latin1;

-- --------------------------------------------------------

--
-- Table structure for table `kpi_top_level_report`
--

CREATE TABLE `kpi_top_level_report` (
  `kpi_tlid` int(11) NOT NULL,
  `kpiid` int(11) NOT NULL,
  `scid` int(11) NOT NULL,
  `kpi_plan_per` double NOT NULL,
  `kpi_act_per` double NOT NULL
) ENGINE=InnoDB DEFAULT CHARSET=latin1;

-- --------------------------------------------------------

--
-- Table structure for table `kpi_total_baseline`
--

CREATE TABLE `kpi_total_baseline` (
  `kpi_tid` int(11) NOT NULL,
  `itemid` int(11) NOT NULL,
  `rid` int(11) NOT NULL,
  `total_planned` double NOT NULL,
  `total_actual` double NOT NULL,
  `progress_month` date NOT NULL,
  `temp_id` int(11) NOT NULL
) ENGINE=InnoDB DEFAULT CHARSET=latin1;

-- --------------------------------------------------------

--
-- Table structure for table `locations`
--

CREATE TABLE `locations` (
  `lid` int(11) NOT NULL,
  `pid` int(11) NOT NULL,
  `title` varchar(500) NOT NULL
) ENGINE=MyISAM DEFAULT CHARSET=latin1;

--
-- Dumping data for table `locations`
--

INSERT INTO `locations` (`lid`, `pid`, `title`) VALUES
(1, 1, 'Location 1'),
(2, 1, 'Location 2');

-- --------------------------------------------------------

--
-- Table structure for table `maindata`
--

CREATE TABLE `maindata` (
  `itemid` int(11) NOT NULL,
  `parentcd` int(11) NOT NULL,
  `parentgroup` text NOT NULL,
  `activitylevel` int(11) NOT NULL,
  `stage` varchar(200) NOT NULL,
  `factor` double DEFAULT NULL,
  `itemcode` varchar(100) NOT NULL,
  `itemname` text NOT NULL,
  `weight` float NOT NULL,
  `activities` text NOT NULL,
  `isentry` tinyint(1) NOT NULL,
  `resources` text NOT NULL,
  `aorder` int(11) NOT NULL
) ENGINE=MyISAM DEFAULT CHARSET=latin1;

-- --------------------------------------------------------

--
-- Table structure for table `maindata_log`
--

CREATE TABLE `maindata_log` (
  `log_cd` int(11) NOT NULL,
  `log_module` varchar(210) NOT NULL,
  `log_title` varchar(210) NOT NULL,
  `log_date` timestamp NOT NULL DEFAULT current_timestamp() ON UPDATE current_timestamp(),
  `log_ip` varchar(200) NOT NULL,
  `parentcd` int(11) NOT NULL,
  `parentgroup` text NOT NULL,
  `activitylevel` int(11) NOT NULL,
  `stage` varchar(200) NOT NULL,
  `itemcode` varchar(100) NOT NULL,
  `itemname` text NOT NULL,
  `weight` float NOT NULL,
  `activities` text NOT NULL,
  `isentry` tinyint(1) NOT NULL,
  `resources` text NOT NULL,
  `transaction_id` int(11) NOT NULL
) ENGINE=MyISAM DEFAULT CHARSET=latin1;

-- --------------------------------------------------------

--
-- Table structure for table `main_data_cube`
--

CREATE TABLE `main_data_cube` (
  `mdcid` int(11) NOT NULL,
  `scid` int(11) NOT NULL COMMENT 'kpiscale id',
  `itemid` int(11) NOT NULL COMMENT 'Activity id',
  `rid` int(11) NOT NULL COMMENT 'resource id',
  `planned` double NOT NULL,
  `actual` double NOT NULL,
  `comm_planned` double NOT NULL,
  `comm_actual` double NOT NULL,
  `total_planned` double NOT NULL,
  `total_actual` double NOT NULL,
  `planned_perc` double NOT NULL,
  `actual_perc` double NOT NULL,
  `temp_id` int(11) NOT NULL
) ENGINE=MyISAM DEFAULT CHARSET=latin1;

-- --------------------------------------------------------

--
-- Table structure for table `pages_visit_log`
--

CREATE TABLE `pages_visit_log` (
  `p_visit_log` int(11) NOT NULL,
  `log_id` int(11) NOT NULL,
  `request_url` varchar(240) NOT NULL,
  `visited_date` timestamp NOT NULL DEFAULT current_timestamp() ON UPDATE current_timestamp()
) ENGINE=MyISAM DEFAULT CHARSET=latin1;

--
-- Dumping data for table `pages_visit_log`
--

INSERT INTO `pages_visit_log` (`p_visit_log`, `log_id`, `request_url`, `visited_date`) VALUES
(1, 3, '/PMST16/PMIS/home.php', '2021-05-04 05:01:23'),
(2, 3, '/PMST16/PMIS/project_calender.php', '2021-05-04 05:01:23'),
(3, 1, '/PMST16/PMIS/home.php', '2021-05-04 05:53:21'),
(4, 1, '/PMST16/PMIS/project_calender.php', '2021-05-04 05:53:22'),
(5, 1, '/PMST16/PMIS/home.php', '2021-05-04 05:54:03'),
(6, 1, '/PMST16/PMIS/project_calender.php', '2021-05-04 05:54:03'),
(7, 1, '/PMST16/PMIS/project_calender.php', '2021-05-04 05:58:44'),
(8, 1, '/PMST16/PMIS/project_calender.php', '2021-05-04 05:58:45'),
(9, 1, '/PMST16/PMIS/home.php', '2021-05-04 06:00:16'),
(10, 2, '/PMST16/PMIS/home.php', '2021-05-05 05:50:00'),
(11, 2, '/PMST16/PMIS/analysis.php', '2021-05-05 05:51:27'),
(12, 2, '/PMST16/PMIS/pictorial_form.php', '2021-05-05 05:52:35'),
(13, 2, '/PMST16/PMIS/location_form.php', '2021-05-05 05:52:42'),
(14, 2, '/PMST16/PMIS/location_form.php', '2021-05-05 05:52:54'),
(15, 2, '/PMST16/PMIS/location_form.php', '2021-05-05 05:52:54'),
(16, 2, '/PMST16/PMIS/location_form.php', '2021-05-05 05:53:12'),
(17, 2, '/PMST16/PMIS/location_form.php', '2021-05-05 05:53:12'),
(18, 2, '/PMST16/PMIS/pictorial_form.php', '2021-05-05 05:53:15'),
(19, 2, '/PMST16/PMIS/pictorial_form.php', '2021-05-05 05:54:37'),
(20, 2, '/PMST16/PMIS/pictorial_form.php', '2021-05-05 05:54:38'),
(21, 2, '/PMST16/PMIS/pictorial_form.php', '2021-05-05 05:55:12'),
(22, 2, '/PMST16/PMIS/pictorial_form.php', '2021-05-05 05:55:13'),
(23, 2, '/PMST16/PMIS/analysis.php', '2021-05-05 05:55:23'),
(24, 2, '/PMST16/PMIS/finddate.php?lid=1', '2021-05-05 05:55:27'),
(25, 2, '/PMST16/PMIS/analysis.php?location=1&date_p=2021-04-30&date_p2=2021-05-05', '2021-05-05 05:55:41'),
(26, 2, '/PMST16/PMIS/sp_album_input.php', '2021-05-05 05:56:16'),
(27, 2, '/PMST16/PMIS/sp_album_input.php', '2021-05-05 05:56:55'),
(28, 2, '/PMST16/PMIS/analysis.php?location=1&date_p=2021-04-30&date_p2=2021-05-05', '2021-05-05 05:56:55'),
(29, 2, '/PMST16/PMIS/analysis.php?location=1&date_p=2021-04-30&date_p2=2021-05-05', '2021-05-05 05:56:58'),
(30, 2, '/PMST16/PMIS/analysis.php?album_id=1', '2021-05-05 05:57:01'),
(31, 2, '/PMST16/PMIS/sp_photo_album_input.php?album_id=1', '2021-05-05 05:57:20'),
(32, 2, '/PMST16/PMIS/analysis.php?album_id=1', '2021-05-05 06:00:59'),
(33, 2, '/PMST16/PMIS/dm_drawingmap.php', '2021-05-05 06:01:03'),
(34, 2, '/PMST16/PMIS/sp_drawingalbum_input.php', '2021-05-05 06:01:12'),
(35, 2, '/PMST16/PMIS/sp_drawingalbum_input.php', '2021-05-05 06:01:17'),
(36, 2, '/PMST16/PMIS/sp_drawingalbum_input.php?parent_id=0&msg_flg=1', '2021-05-05 06:01:18'),
(37, 2, '/PMST16/PMIS/dm_drawingmap.php', '2021-05-05 06:01:18'),
(38, 2, '/PMST16/PMIS/dm_drawingmap.php', '2021-05-05 06:01:21'),
(39, 2, '/PMST16/PMIS/dm_drawingmap.php?album_id=1', '2021-05-05 06:01:22'),
(40, 2, '/PMST16/PMIS/sp_drawingalbum_input.php?parent_id=1', '2021-05-05 06:01:28'),
(41, 2, '/PMST16/PMIS/sp_drawingalbum_input.php', '2021-05-05 06:01:38'),
(42, 2, '/PMST16/PMIS/sp_drawingalbum_input.php?parent_id=1&msg_flg=1', '2021-05-05 06:01:39'),
(43, 2, '/PMST16/PMIS/dm_drawingmap.php?album_id=1', '2021-05-05 06:01:39'),
(44, 2, '/PMST16/PMIS/dm_drawingmap.php?album_id=1', '2021-05-05 06:01:42'),
(45, 2, '/PMST16/PMIS/dm_drawingmap.php?album_id=1', '2021-05-05 06:01:48'),
(46, 2, '/PMST16/PMIS/dm_drawingmap.php', '2021-05-05 06:01:51'),
(47, 2, '/PMST16/PMIS/dm_drawingmap.php?album_id=1', '2021-05-05 06:01:59'),
(48, 2, '/PMST16/PMIS/dm_drawingmap.php?album_id=2', '2021-05-05 06:02:10'),
(49, 2, '/PMST16/PMIS/sp_drawing_album_input.php?album_id=2', '2021-05-05 06:02:18'),
(50, 2, '/PMST16/PMIS/dm_drawingmap.php?album_id=2', '2021-05-05 06:02:29'),
(51, 2, '/PMST16/PMIS/dm_drawingmap.php?album_id=1', '2021-05-05 06:02:32'),
(52, 2, '/PMST16/PMIS/dm_drawingmap.php', '2021-05-05 06:02:38'),
(53, 2, '/PMST16/PMIS/dm_drawingmap.php?album_id=1', '2021-05-05 06:02:40'),
(54, 2, '/PMST16/PMIS/dm_drawingmap.php?album_id=2', '2021-05-05 06:02:52'),
(55, 2, '/PMST16/PMIS/sp_drawing_album_input.php?album_id=2', '2021-05-05 06:02:55'),
(56, 2, '/PMST16/PMIS/sp_drawing_album_input.php?album_id=2', '2021-05-05 06:04:13'),
(57, 2, '/PMST16/PMIS/sp_drawing_album_input.php?album_id=2', '2021-05-05 06:04:14'),
(58, 2, '/PMST16/PMIS/dm_drawingmap.php?album_id=2', '2021-05-05 06:04:14'),
(59, 2, '/PMST16/PMIS/dm_drawingmap.php?album_id=2', '2021-05-05 06:04:17'),
(60, 2, '/PMST16/PMIS/sel_nextalbum.php?album_id=1', '2021-05-05 06:04:26'),
(61, 2, '/PMST16/PMIS/sel_subalbum.php?subalbum_id=2&albumid=1', '2021-05-05 06:04:34'),
(62, 2, '/PMST16/PMIS/drawing_search.php?albumid=1&last_subalbum=2&dwg_no=123&dwg_title=&dwg_date=&revision_no=&dwg_status=1', '2021-05-05 06:04:50'),
(63, 2, '/PMST16/PMIS/project_issues_info.php', '2021-05-05 06:05:10'),
(64, 2, '/PMST16/PMIS/project_issues_input.php', '2021-05-05 06:05:14'),
(65, 2, '/PMST16/PMIS/project_issues_input.php', '2021-05-05 06:05:50'),
(66, 2, '/PMST16/PMIS/home.php', '2021-05-05 06:05:53'),
(67, 2, '/PMST16/PMIS/project_nonconfirmity_info.php', '2021-05-05 06:06:10'),
(68, 2, '/PMST16/PMIS/project_nonconfirmity_input.php', '2021-05-05 06:06:14'),
(69, 2, '/PMST16/PMIS/sp_design.php', '2021-05-05 06:07:59'),
(70, 2, '/PMST16/PMIS/items_form.php', '2021-05-05 06:08:02'),
(71, 2, '/PMST16/PMIS/sp_design.php', '2021-05-05 06:08:10'),
(72, 2, '/PMST16/PMIS/sp_design_input.php', '2021-05-05 06:08:12'),
(73, 2, '/PMST16/PMIS/boqdata.php', '2021-05-05 06:12:02'),
(74, 2, '/PMST16/PMIS/boqdata.php', '2021-05-05 06:16:04'),
(75, 2, '/PMST16/PMIS/analysis.php', '2021-05-05 06:16:40'),
(76, 2, '/PMST16/PMIS/boqdata.php', '2021-05-05 06:17:36'),
(77, 2, '/PMST16/PMIS/subboq.php', '2021-05-05 06:17:38'),
(78, 2, '/PMST16/PMIS/subboq.php', '2021-05-05 06:19:14'),
(79, 2, '/PMST16/PMIS/boqdata.php', '2021-05-05 06:19:26'),
(80, 2, '/PMST16/PMIS/subboq.php', '2021-05-05 06:19:30'),
(81, 2, '/PMST16/PMIS/subboq.php', '2021-05-05 06:20:13'),
(82, 2, '/PMST16/PMIS/boqdata.php', '2021-05-05 06:20:14'),
(83, 2, '/PMST16/PMIS/subboq.php?subaid=1&levelid=0', '2021-05-05 06:20:30'),
(84, 2, '/PMST16/PMIS/subboq.php?subaid=1&levelid=0', '2021-05-05 06:20:47'),
(85, 2, '/PMST16/PMIS/boqdata.php', '2021-05-05 06:20:48'),
(86, 2, '/PMST16/PMIS/subboq.php?subaid=2&levelid=1', '2021-05-05 06:20:53'),
(87, 2, '/PMST16/PMIS/subboq.php?subaid=2&levelid=1', '2021-05-05 06:21:34'),
(88, 2, '/PMST16/PMIS/boqdata.php', '2021-05-05 06:21:35'),
(89, 2, '/PMST16/PMIS/subboq.php?subaid=3&levelid=2', '2021-05-05 06:21:37'),
(90, 2, '/PMST16/PMIS/subboq.php?subaid=3&levelid=2', '2021-05-05 06:21:48'),
(91, 2, '/PMST16/PMIS/boqdata.php', '2021-05-05 06:21:48'),
(92, 2, '/PMST16/PMIS/reloadboq.php?itemid=4', '2021-05-05 06:22:34'),
(93, 2, '/PMST16/PMIS/adddataboq.php?itemid=4&boqcode=01&boqitem=BOQ%20item&boqunit=Lumpsum&boqqty=100000&boq_cur_1_rate=1&boq_cur_2_rate=0.5', '2021-05-05 06:24:03'),
(94, 2, '/PMST16/PMIS/KFI_progress_dashboard.php', '2021-05-05 09:33:06'),
(95, 2, '/PMST16/PMIS/findnextlevelboq.php?parentgroup=000001&div_id=1', '2021-05-05 09:33:10'),
(96, 2, '/PMST16/PMIS/findnextlevelboq.php?parentgroup=000001_000002&div_id=2', '2021-05-05 09:33:13'),
(97, 2, '/PMST16/PMIS/findnextlevelboq.php?parentgroup=000001_000002_000003&div_id=3', '2021-05-05 09:33:14'),
(98, 2, '/PMST16/PMIS/findnextlevelboq.php?parentgroup=000001_000002_000003_000004&div_id=4', '2021-05-05 09:33:16'),
(99, 2, '/PMST16/PMIS/KFI_progress_dashboard.php?level_count=0&itemid_0=000001&itemid_1=000001_000002&itemid_2=000001_000002_000003&itemid_3=000001_000002_000003_000004&itemid_4=1', '2021-05-05 09:33:20'),
(100, 3, '/PMST16/PMIS/home.php', '2021-07-05 10:29:01'),
(101, 3, '/PMST16/PMIS/analysis.php', '2021-07-05 10:29:09'),
(102, 3, '/PMST16/PMIS/analysis.php?album_id=1', '2021-07-05 10:29:13'),
(103, 3, '/PMST16/PMIS/sp_album_input.php', '2021-07-05 10:29:16'),
(104, 3, '/PMST16/PMIS/analysis.php?album_id=1', '2021-07-05 10:29:19'),
(105, 3, '/PMST16/PMIS/analysis.php', '2021-07-05 10:29:21'),
(106, 3, '/PMST16/PMIS/sp_album_input.php', '2021-07-05 10:29:23'),
(107, 3, '/PMST16/PMIS/analysis.php', '2021-07-05 10:29:28'),
(108, 3, '/PMST16/PMIS/analysis.php?album_id=1', '2021-07-05 10:29:30'),
(109, 3, '/PMST16/PMIS/sp_album_input.php', '2021-07-05 10:29:35'),
(110, 3, '/PMST16/PMIS/sp_album_input.php', '2021-07-05 10:29:41'),
(111, 3, '/PMST16/PMIS/analysis.php?album_id=1', '2021-07-05 10:29:41'),
(112, 3, '/PMST16/PMIS/analysis.php?album_id=1', '2021-07-05 10:29:45'),
(113, 3, '/PMST16/PMIS/sp_album_input.php', '2021-07-05 10:29:49'),
(114, 3, '/PMST16/PMIS/analysis.php?album_id=1', '2021-07-05 10:29:51'),
(115, 3, '/PMST16/PMIS/analysis.php', '2021-07-05 10:29:53'),
(116, 3, '/PMST16/PMIS/sp_album_input.php', '2021-07-05 10:29:55'),
(117, 3, '/PMST16/PMIS/sp_album_input.php?albumid=1', '2021-07-05 10:30:02'),
(118, 3, '/PMST16/PMIS/sp_album_input.php', '2021-07-05 10:30:02'),
(119, 3, '/PMST16/PMIS/analysis.php', '2021-07-05 10:30:03'),
(120, 3, '/PMST16/PMIS/sp_album_input.php?albumid=2', '2021-07-05 10:30:05'),
(121, 3, '/PMST16/PMIS/sp_album_input.php', '2021-07-05 10:30:05'),
(122, 3, '/PMST16/PMIS/analysis.php', '2021-07-05 10:30:05'),
(123, 4, '/PMST16/PMIS/home.php', '2021-09-27 11:37:54'),
(124, 5, '/PMST16/PMIS/home.php', '2021-09-27 11:41:24'),
(125, 5, '/PMST16/PMIS/KFI_progress_dashboard.php', '2021-09-27 11:45:45'),
(126, 5, '/PMST16/PMIS/findnextlevelboq.php?parentgroup=000001&div_id=1', '2021-09-27 11:45:49'),
(127, 5, '/PMST16/PMIS/KFI_progress_dashboard.php?level_count=1&itemid_0=000001&itemid_1=0&itemid_2=0&itemid_3=0&itemid_4=0', '2021-09-27 11:45:53'),
(128, 5, '/PMST16/PMIS/findnextlevelboq.php?parentgroup=000001&div_id=1', '2021-09-27 11:46:04'),
(129, 5, '/PMST16/PMIS/findnextlevelboq.php?parentgroup=000001_000002&div_id=2', '2021-09-27 11:46:05'),
(130, 5, '/PMST16/PMIS/findnextlevelboq.php?parentgroup=000001_000002_000003&div_id=3', '2021-09-27 11:46:08'),
(131, 5, '/PMST16/PMIS/findnextlevelboq.php?parentgroup=000001_000002_000003_000004&div_id=4', '2021-09-27 11:46:10'),
(132, 5, '/PMST16/PMIS/KFI_progress_dashboard.php?level_count=0&itemid_0=000001&itemid_1=000001_000002&itemid_2=000001_000002_000003&itemid_3=000001_000002_000003_000004&itemid_4=1', '2021-09-27 11:46:12'),
(133, 5, '/PMST16/PMIS/KFI_progress_dashboard.php?level_count=1&itemid_0=000001&itemid_1=0&itemid_2=0&itemid_3=0&itemid_4=0', '2021-09-27 11:46:53'),
(134, 5, '/PMST16/PMIS/KFI_progress_dashboard.php', '2021-09-27 11:46:53'),
(135, 5, '/PMST16/PMIS/home.php', '2021-09-27 11:49:29'),
(136, 5, '/PMST16/PMIS/about.php', '2021-09-27 11:49:36'),
(137, 5, '/PMST16/PMIS/KFI_progress_dashboard.php', '2021-09-27 11:50:02'),
(138, 5, '/PMST16/PMIS/findnextlevelboq.php?parentgroup=000001&div_id=1', '2021-09-27 11:50:05'),
(139, 5, '/PMST16/PMIS/findnextlevelboq.php?parentgroup=000001_000002&div_id=2', '2021-09-27 11:50:09'),
(140, 5, '/PMST16/PMIS/KFI_progress_dashboard.php?level_count=1&itemid_0=000001&itemid_1=000001_000002&itemid_2=0&itemid_3=0&itemid_4=0', '2021-09-27 11:50:11'),
(141, 5, '/PMST16/PMIS/KFI_progress_dashboard.php?level_count=1&itemid_0=000001&itemid_1=0&itemid_2=0&itemid_3=0&itemid_4=0', '2021-09-27 11:50:14'),
(142, 5, '/PMST16/PMIS/addipc.php', '2021-09-27 11:50:30'),
(143, 5, '/PMST16/PMIS/about.php', '2021-09-27 11:50:43'),
(144, 5, '/PMST16/PMIS/KFI_progress_dashboard.php', '2021-09-27 12:03:42'),
(145, 5, '/PMST16/PMIS/findnextlevelboq.php?parentgroup=000001&div_id=1', '2021-09-27 12:06:14'),
(146, 5, '/PMST16/PMIS/findnextlevelboq.php?parentgroup=000001_000002&div_id=2', '2021-09-27 12:06:17'),
(147, 5, '/PMST16/PMIS/findnextlevelboq.php?parentgroup=000001_000002_000003&div_id=3', '2021-09-27 12:06:18'),
(148, 5, '/PMST16/PMIS/findnextlevelboq.php?parentgroup=000001_000002_000003_000004&div_id=4', '2021-09-27 12:06:21'),
(149, 5, '/PMST16/PMIS/KFI_progress_dashboard.php?level_count=0&itemid_0=000001&itemid_1=000001_000002&itemid_2=000001_000002_000003&itemid_3=000001_000002_000003_000004&itemid_4=1', '2021-09-27 12:06:23'),
(150, 5, '/PMST16/PMIS/home.php', '2021-09-27 12:09:25'),
(151, 6, '/PMST16/PMIS/home.php', '2021-09-28 05:48:32'),
(152, 6, '/PMST16/PMIS/boqdata.php', '2021-09-28 05:48:36'),
(153, 6, '/PMST16/PMIS/subboq.php?del=4', '2021-09-28 05:48:40'),
(154, 6, '/PMST16/PMIS/boqdata.php', '2021-09-28 05:48:41'),
(155, 6, '/PMST16/PMIS/subboq.php?del=3', '2021-09-28 05:48:43'),
(156, 6, '/PMST16/PMIS/boqdata.php', '2021-09-28 05:48:43'),
(157, 6, '/PMST16/PMIS/subboq.php?del=2', '2021-09-28 05:48:45'),
(158, 6, '/PMST16/PMIS/boqdata.php', '2021-09-28 05:48:45'),
(159, 6, '/PMST16/PMIS/subboq.php?del=1', '2021-09-28 05:48:47'),
(160, 6, '/PMST16/PMIS/boqdata.php', '2021-09-28 05:48:48'),
(161, 7, '/PMST16/PMIS/home.php', '2021-09-28 05:51:50'),
(162, 7, '/PMST16/PMIS/boqdata.php', '2021-09-28 05:51:58'),
(163, 7, '/PMST16/PMIS/subboq.php', '2021-09-28 05:52:02'),
(164, 7, '/PMST16/PMIS/project_calender.php', '2021-09-28 05:52:12'),
(165, 7, '/PMST16/PMIS/boqdata.php', '2021-09-28 05:52:23'),
(166, 7, '/PMST16/PMIS/subboq.php', '2021-09-28 05:52:28'),
(167, 7, '/PMST16/PMIS/subboq.php', '2021-09-28 05:53:04'),
(168, 7, '/PMST16/PMIS/subboq.php', '2021-09-28 05:55:27'),
(169, 7, '/PMST16/PMIS/boqdata.php', '2021-09-28 05:55:27'),
(170, 7, '/PMST16/PMIS/subboq.php', '2021-09-28 05:55:32'),
(171, 7, '/PMST16/PMIS/subboq.php', '2021-09-28 05:55:46'),
(172, 7, '/PMST16/PMIS/boqdata.php', '2021-09-28 05:55:46'),
(173, 7, '/PMST16/PMIS/subboq.php', '2021-09-28 05:55:54'),
(174, 7, '/PMST16/PMIS/subboq.php', '2021-09-28 05:56:05'),
(175, 7, '/PMST16/PMIS/boqdata.php', '2021-09-28 05:56:05'),
(176, 7, '/PMST16/PMIS/subboq.php', '2021-09-28 05:56:09'),
(177, 7, '/PMST16/PMIS/subboq.php', '2021-09-28 05:56:15'),
(178, 7, '/PMST16/PMIS/boqdata.php', '2021-09-28 05:56:15'),
(179, 7, '/PMST16/PMIS/subboq.php', '2021-09-28 05:56:17'),
(180, 7, '/PMST16/PMIS/subboq.php', '2021-09-28 05:56:25'),
(181, 7, '/PMST16/PMIS/boqdata.php', '2021-09-28 05:56:25'),
(182, 7, '/PMST16/PMIS/subboq.php', '2021-09-28 05:56:31'),
(183, 7, '/PMST16/PMIS/subboq.php', '2021-09-28 05:56:36'),
(184, 7, '/PMST16/PMIS/boqdata.php', '2021-09-28 05:56:36'),
(185, 7, '/PMST16/PMIS/subboq.php', '2021-09-28 05:56:41'),
(186, 7, '/PMST16/PMIS/subboq.php', '2021-09-28 05:56:46'),
(187, 7, '/PMST16/PMIS/boqdata.php', '2021-09-28 05:56:47'),
(188, 7, '/PMST16/PMIS/subboq.php', '2021-09-28 05:56:50'),
(189, 7, '/PMST16/PMIS/subboq.php', '2021-09-28 05:56:55'),
(190, 7, '/PMST16/PMIS/boqdata.php', '2021-09-28 05:56:55'),
(191, 7, '/PMST16/PMIS/subboq.php', '2021-09-28 06:00:21'),
(192, 7, '/PMST16/PMIS/subboq.php?subaid=5&levelid=0', '2021-09-28 06:05:21'),
(193, 7, '/PMST16/PMIS/baseline.php', '2021-09-28 06:05:49'),
(194, 7, '/PMST16/PMIS/mapping_template.php', '2021-09-28 06:05:55'),
(195, 7, '/PMST16/PMIS/mapping_template.php', '2021-09-28 06:06:17'),
(196, 7, '/PMST16/PMIS/baseline.php', '2021-09-28 06:06:17'),
(197, 7, '/PMST16/PMIS/mapping_template.php', '2021-09-28 06:06:23'),
(198, 7, '/PMST16/PMIS/mapping_template.php', '2021-09-28 06:06:37'),
(199, 7, '/PMST16/PMIS/baseline.php', '2021-09-28 06:06:37'),
(200, 7, '/PMST16/PMIS/mapping_template.php', '2021-09-28 06:06:42'),
(201, 7, '/PMST16/PMIS/mapping_template.php', '2021-09-28 06:06:48'),
(202, 7, '/PMST16/PMIS/baseline.php', '2021-09-28 06:06:48'),
(203, 7, '/PMST16/PMIS/mapping_template.php', '2021-09-28 06:06:50'),
(204, 7, '/PMST16/PMIS/mapping_template.php', '2021-09-28 06:06:53'),
(205, 7, '/PMST16/PMIS/baseline.php', '2021-09-28 06:06:53'),
(206, 7, '/PMST16/PMIS/mapping_template.php', '2021-09-28 06:06:54'),
(207, 7, '/PMST16/PMIS/mapping_template.php', '2021-09-28 06:07:00'),
(208, 7, '/PMST16/PMIS/baseline.php', '2021-09-28 06:07:00'),
(209, 7, '/PMST16/PMIS/mapping_template.php', '2021-09-28 06:07:01'),
(210, 7, '/PMST16/PMIS/mapping_template.php', '2021-09-28 06:07:07'),
(211, 7, '/PMST16/PMIS/baseline.php', '2021-09-28 06:07:07'),
(212, 7, '/PMST16/PMIS/mapping_template.php', '2021-09-28 06:07:50'),
(213, 7, '/PMST16/PMIS/baseline.php', '2021-09-28 06:08:05'),
(214, 7, '/PMST16/PMIS/baseline.php', '2021-09-28 06:08:10'),
(215, 7, '/PMST16/PMIS/boqdata.php', '2021-09-28 06:08:20'),
(216, 7, '/PMST16/PMIS/baseline.php', '2021-09-28 06:08:24'),
(217, 7, '/PMST16/PMIS/mapping_template.php', '2021-09-28 06:08:30'),
(218, 7, '/PMST16/PMIS/mapping_template.php?edit=1', '2021-09-28 06:08:37'),
(219, 7, '/PMST16/PMIS/mapping_template.php?edit=1', '2021-09-28 06:08:42'),
(220, 7, '/PMST16/PMIS/mapping_template.php?edit=1', '2021-09-28 06:09:04'),
(221, 7, '/PMST16/PMIS/baseline.php', '2021-09-28 06:09:04'),
(222, 7, '/PMST16/PMIS/getadditionalboqdata_unit.php?boq_id=0', '2021-09-28 06:10:01'),
(223, 7, '/PMST16/PMIS/getadditionalboqdata_unit.php?boq_id=0', '2021-09-28 06:10:07'),
(224, 7, '/PMST16/PMIS/get_template_content.php?temp_id=1', '2021-09-28 06:10:17'),
(225, 7, '/PMST16/PMIS/get_template.php?temp_id=1', '2021-09-28 06:10:17'),
(226, 7, '/PMST16/PMIS/get_template.php?temp_id=1', '2021-09-28 06:10:19'),
(227, 7, '/PMST16/PMIS/get_template_content.php?temp_id=1', '2021-09-28 06:10:19'),
(228, 7, '/PMST16/PMIS/baseline.php', '2021-09-28 06:10:23'),
(229, 7, '/PMST16/PMIS/get_template.php?temp_id=1', '2021-09-28 06:10:31'),
(230, 7, '/PMST16/PMIS/get_template_content.php?temp_id=1', '2021-09-28 06:10:31'),
(231, 7, '/PMST16/PMIS/mapping_template.php', '2021-09-28 06:10:33'),
(232, 7, '/PMST16/PMIS/mapping_template.php?edit=2', '2021-09-28 06:10:38'),
(233, 7, '/PMST16/PMIS/mapping_template.php?edit=2', '2021-09-28 06:10:43'),
(234, 7, '/PMST16/PMIS/baseline.php', '2021-09-28 06:10:44'),
(235, 7, '/PMST16/PMIS/get_template.php?temp_id=2', '2021-09-28 06:10:52'),
(236, 7, '/PMST16/PMIS/get_template_content.php?temp_id=2', '2021-09-28 06:10:52'),
(237, 7, '/PMST16/PMIS/baseline.php', '2021-09-28 06:11:05'),
(238, 7, '/PMST16/PMIS/mapping_template.php', '2021-09-28 06:11:06'),
(239, 7, '/PMST16/PMIS/mapping_template.php?edit=1', '2021-09-28 06:11:08'),
(240, 7, '/PMST16/PMIS/mapping_template.php?edit=1', '2021-09-28 06:11:12'),
(241, 7, '/PMST16/PMIS/baseline.php', '2021-09-28 06:11:12'),
(242, 7, '/PMST16/PMIS/baseline.php', '2021-09-28 06:11:51'),
(243, 7, '/PMST16/PMIS/baseline.php?edit=1', '2021-09-28 06:12:10'),
(244, 7, '/PMST16/PMIS/baseline.php?edit=1', '2021-09-28 06:13:03'),
(245, 7, '/PMST16/PMIS/baseline.php', '2021-09-28 06:13:03'),
(246, 7, '/PMST16/PMIS/boqdata.php', '2021-09-28 06:13:59'),
(247, 7, '/PMST16/PMIS/baseline.php', '2021-09-28 06:28:38'),
(248, 7, '/PMST16/PMIS/maindata.php', '2021-09-28 06:28:46'),
(249, 7, '/PMST16/PMIS/subactivity.php', '2021-09-28 06:28:48'),
(250, 7, '/PMST16/PMIS/addipc.php', '2021-09-28 06:29:30'),
(251, 7, '/PMST16/PMIS/template_progress.php', '2021-09-28 06:29:38'),
(252, 7, '/PMST16/PMIS/get_template_type.php?temp_id=1', '2021-09-28 06:29:41'),
(253, 7, '/PMST16/PMIS/boqdata.php', '2021-09-28 06:29:45'),
(254, 7, '/PMST16/PMIS/baseline.php', '2021-09-28 06:41:41'),
(255, 7, '/PMST16/PMIS/baseline.php?delete=1', '2021-09-28 06:42:07'),
(256, 7, '/PMST16/PMIS/baseline.php', '2021-09-28 06:42:08'),
(257, 7, '/PMST16/PMIS/mapping_template.php', '2021-09-28 06:42:09'),
(258, 7, '/PMST16/PMIS/mapping_template.php?edit=1', '2021-09-28 06:42:11'),
(259, 7, '/PMST16/PMIS/mapping_template.php?edit=1', '2021-09-28 06:42:15'),
(260, 7, '/PMST16/PMIS/baseline.php', '2021-09-28 06:42:15'),
(261, 7, '/PMST16/PMIS/mapping_template.php', '2021-09-28 06:42:16'),
(262, 7, '/PMST16/PMIS/mapping_template.php?edit=2', '2021-09-28 06:42:19'),
(263, 7, '/PMST16/PMIS/mapping_template.php?edit=2', '2021-09-28 06:42:21'),
(264, 7, '/PMST16/PMIS/baseline.php', '2021-09-28 06:42:22'),
(265, 7, '/PMST16/PMIS/mapping_template.php', '2021-09-28 06:42:23'),
(266, 7, '/PMST16/PMIS/mapping_template.php?delete=1', '2021-09-28 06:42:34'),
(267, 7, '/PMST16/PMIS/mapping_template.php?delete=2', '2021-09-28 06:42:35'),
(268, 7, '/PMST16/PMIS/mapping_template.php?delete=3', '2021-09-28 06:42:36'),
(269, 7, '/PMST16/PMIS/mapping_template.php?delete=4', '2021-09-28 06:42:38'),
(270, 7, '/PMST16/PMIS/mapping_template.php?delete=5', '2021-09-28 06:42:40'),
(271, 7, '/PMST16/PMIS/mapping_template.php?delete=6', '2021-09-28 06:42:41'),
(272, 7, '/PMST16/PMIS/boqdata.php', '2021-09-28 07:19:27'),
(273, 6, '/PMST16/PMIS/boqdata.php', '2021-09-28 08:14:44'),
(274, 6, '/PMST16/PMIS/boq.php?edit=5', '2021-09-28 08:14:54'),
(275, 6, '/PMST16/PMIS/boqdata.php', '2021-09-28 08:15:21'),
(276, 6, '/PMST16/PMIS/subboq.php?del=5', '2021-09-28 10:14:45'),
(277, 6, '/PMST16/PMIS/boqdata.php', '2021-09-28 10:14:46'),
(278, 6, '/PMST16/PMIS/subboq.php?del=12', '2021-09-28 10:15:07'),
(279, 6, '/PMST16/PMIS/boqdata.php', '2021-09-28 10:15:07'),
(280, 6, '/PMST16/PMIS/subboq.php?del=11', '2021-09-28 10:15:10'),
(281, 6, '/PMST16/PMIS/boqdata.php', '2021-09-28 10:15:10'),
(282, 6, '/PMST16/PMIS/subboq.php?del=10', '2021-09-28 10:15:13'),
(283, 6, '/PMST16/PMIS/boqdata.php', '2021-09-28 10:15:13'),
(284, 6, '/PMST16/PMIS/subboq.php?del=9', '2021-09-28 10:15:16'),
(285, 6, '/PMST16/PMIS/boqdata.php', '2021-09-28 10:15:16'),
(286, 6, '/PMST16/PMIS/subboq.php?del=6', '2021-09-28 10:15:18'),
(287, 6, '/PMST16/PMIS/boqdata.php', '2021-09-28 10:15:19'),
(288, 6, '/PMST16/PMIS/subboq.php?del=7', '2021-09-28 10:15:21'),
(289, 6, '/PMST16/PMIS/boqdata.php', '2021-09-28 10:15:21'),
(290, 6, '/PMST16/PMIS/subboq.php?del=8', '2021-09-28 10:15:24'),
(291, 6, '/PMST16/PMIS/boqdata.php', '2021-09-28 10:15:24'),
(292, 6, '/PMST16/PMIS/subboq.php', '2021-09-28 10:15:26'),
(293, 6, '/PMST16/PMIS/subboq.php', '2021-09-28 10:15:44'),
(294, 6, '/PMST16/PMIS/boqdata.php', '2021-09-28 10:15:44'),
(295, 6, '/PMST16/PMIS/subboq.php?subaid=13&levelid=0', '2021-09-28 10:15:52'),
(296, 6, '/PMST16/PMIS/subboq.php?subaid=13&levelid=0', '2021-09-28 10:16:04'),
(297, 6, '/PMST16/PMIS/boqdata.php', '2021-09-28 10:16:04'),
(298, 6, '/PMST16/PMIS/subboq.php?subaid=13&levelid=0', '2021-09-28 10:16:07'),
(299, 6, '/PMST16/PMIS/subboq.php?subaid=13&levelid=0', '2021-09-28 10:16:17'),
(300, 6, '/PMST16/PMIS/boqdata.php', '2021-09-28 10:16:18'),
(301, 6, '/PMST16/PMIS/subboq.php?subaid=14&levelid=1', '2021-09-28 10:16:22'),
(302, 6, '/PMST16/PMIS/subboq.php?subaid=14&levelid=1', '2021-09-28 10:16:43'),
(303, 6, '/PMST16/PMIS/boqdata.php', '2021-09-28 10:16:44'),
(304, 6, '/PMST16/PMIS/subboq.php?subaid=14&levelid=1', '2021-09-28 10:16:55'),
(305, 6, '/PMST16/PMIS/subboq.php?subaid=14&levelid=1', '2021-09-28 10:17:01'),
(306, 6, '/PMST16/PMIS/boqdata.php', '2021-09-28 10:17:01'),
(307, 6, '/PMST16/PMIS/subboq.php?subaid=14&levelid=1', '2021-09-28 10:17:06'),
(308, 6, '/PMST16/PMIS/subboq.php?subaid=14&levelid=1', '2021-09-28 10:17:22'),
(309, 6, '/PMST16/PMIS/boqdata.php', '2021-09-28 10:17:22'),
(310, 6, '/PMST16/PMIS/subboq.php?subaid=14&levelid=1', '2021-09-28 10:17:48'),
(311, 6, '/PMST16/PMIS/subboq.php?subaid=14&levelid=1', '2021-09-28 10:17:53'),
(312, 6, '/PMST16/PMIS/boqdata.php', '2021-09-28 10:17:54'),
(313, 6, '/PMST16/PMIS/subboq.php?subaid=16&levelid=2', '2021-09-28 10:19:00'),
(314, 6, '/PMST16/PMIS/subboq.php?subaid=16&levelid=2', '2021-09-28 10:19:21'),
(315, 6, '/PMST16/PMIS/boqdata.php', '2021-09-28 10:19:21'),
(316, 6, '/PMST16/PMIS/subboq.php?subaid=20&levelid=3', '2021-09-28 10:19:26'),
(317, 6, '/PMST16/PMIS/subboq.php?edit=20&subaid=16&levelid=2', '2021-09-28 10:19:57'),
(318, 6, '/PMST16/PMIS/subboq.php?edit=20&subaid=16&levelid=2', '2021-09-28 10:20:09'),
(319, 6, '/PMST16/PMIS/boqdata.php', '2021-09-28 10:20:09'),
(320, 6, '/PMST16/PMIS/subboq.php?subaid=20&levelid=3', '2021-09-28 10:20:12'),
(321, 6, '/PMST16/PMIS/subboq.php?subaid=20&levelid=3', '2021-09-28 10:20:19'),
(322, 6, '/PMST16/PMIS/boqdata.php', '2021-09-28 10:20:19'),
(323, 6, '/PMST16/PMIS/subboq.php?subaid=21&levelid=4', '2021-09-28 10:20:22'),
(324, 6, '/PMST16/PMIS/subboq.php?edit=21&subaid=20&levelid=3', '2021-09-28 10:20:36'),
(325, 6, '/PMST16/PMIS/subboq.php?edit=21&subaid=20&levelid=3', '2021-09-28 10:20:39'),
(326, 6, '/PMST16/PMIS/boqdata.php', '2021-09-28 10:20:39'),
(327, 6, '/PMST16/PMIS/reloadboq.php?itemid=21', '2021-09-28 10:20:42'),
(328, 6, '/PMST16/PMIS/adddataboq.php?itemid=21&boqcode=1.1.1.1.1&boqitem=Earth%20works%20BOQ%201&boqunit=Cum&boqqty=2000&boq_cur_1_rate=500&boq_cur_2_rate=100', '2021-09-28 10:21:25'),
(329, 6, '/PMST16/PMIS/subboq.php?subaid=16&levelid=2', '2021-09-28 10:22:08'),
(330, 6, '/PMST16/PMIS/subboq.php?subaid=16&levelid=2', '2021-09-28 10:22:26'),
(331, 6, '/PMST16/PMIS/boqdata.php', '2021-09-28 10:22:27'),
(332, 6, '/PMST16/PMIS/subboq.php?subaid=22&levelid=3', '2021-09-28 10:22:34'),
(333, 6, '/PMST16/PMIS/subboq.php?subaid=22&levelid=3', '2021-09-28 10:22:59'),
(334, 6, '/PMST16/PMIS/boqdata.php', '2021-09-28 10:22:59'),
(335, 6, '/PMST16/PMIS/reloadboq.php?itemid=23', '2021-09-28 10:23:05'),
(336, 6, '/PMST16/PMIS/adddataboq.php?itemid=23&boqcode=1.1.2.1.1&boqitem=Earth%20works%20BOQ%202&boqunit=Cum&boqqty=3000&boq_cur_1_rate=500&boq_cur_2_rate=100', '2021-09-28 10:23:50'),
(337, 8, '/PMST16/PMIS/home.php', '2021-09-28 10:24:43'),
(338, 8, '/PMST16/PMIS/home.php', '2021-09-28 10:25:25'),
(339, 8, '/PMST16/PMIS/boqdata.php', '2021-09-28 10:25:29'),
(340, 8, '/PMST16/PMIS/reloadboq.php?itemid=21', '2021-09-28 10:26:26'),
(341, 8, '/PMST16/PMIS/canceldataboq.php?itemid=21', '2021-09-28 10:26:32'),
(342, 8, '/PMST16/PMIS/reloadboq.php?itemid=21', '2021-09-28 10:26:38'),
(343, 8, '/PMST16/PMIS/reloadboq.php?itemid=21', '2021-09-28 10:26:41'),
(344, 8, '/PMST16/PMIS/reloadboq.php?itemid=21', '2021-09-28 10:26:50'),
(345, 8, '/PMST16/PMIS/reloadboq.php?itemid=21', '2021-09-28 10:26:53'),
(346, 8, '/PMST16/PMIS/reloadboq.php?itemid=21', '2021-09-28 10:26:54'),
(347, 8, '/PMST16/PMIS/subboq.php?subaid=17&levelid=2', '2021-09-28 10:27:36'),
(348, 8, '/PMST16/PMIS/subboq.php?subaid=17&levelid=2', '2021-09-28 10:27:42'),
(349, 8, '/PMST16/PMIS/boqdata.php', '2021-09-28 10:27:42'),
(350, 8, '/PMST16/PMIS/subboq.php?subaid=24&levelid=3', '2021-09-28 10:28:02'),
(351, 8, '/PMST16/PMIS/subboq.php?subaid=24&levelid=3', '2021-09-28 10:28:10'),
(352, 8, '/PMST16/PMIS/boqdata.php', '2021-09-28 10:28:10'),
(353, 8, '/PMST16/PMIS/reloadboq.php?itemid=25', '2021-09-28 10:28:18'),
(354, 8, '/PMST16/PMIS/reloadboq.php?itemid=25', '2021-09-28 10:28:23'),
(355, 8, '/PMST16/PMIS/reloadboq.php?itemid=25', '2021-09-28 10:28:24'),
(356, 8, '/PMST16/PMIS/subboq.php?edit=25&subaid=24&levelid=3', '2021-09-28 10:28:42'),
(357, 8, '/PMST16/PMIS/reloadboq.php?itemid=25', '2021-09-28 10:28:46'),
(358, 8, '/PMST16/PMIS/reloadboq.php?itemid=25', '2021-09-28 10:28:48'),
(359, 8, '/PMST16/PMIS/reloadboq.php?itemid=25', '2021-09-28 10:28:49'),
(360, 8, '/PMST16/PMIS/reloadboq.php?itemid=23', '2021-09-28 10:28:57'),
(361, 8, '/PMST16/PMIS/reloadboq.php?itemid=25', '2021-09-28 10:29:07'),
(362, 8, '/PMST16/PMIS/adddataboq.php?itemid=25&boqcode=1.2.1.1.1&boqitem=Concerte%20Works%20BOQ%201&boqunit=Cum&boqqty=2000&boq_cur_1_rate=500&boq_cur_2_rate=100', '2021-09-28 10:29:39'),
(363, 8, '/PMST16/PMIS/reloadboq.php?itemid=23', '2021-09-28 10:29:43'),
(364, 8, '/PMST16/PMIS/subboq.php?subaid=17&levelid=2', '2021-09-28 10:30:03'),
(365, 8, '/PMST16/PMIS/subboq.php?subaid=17&levelid=2', '2021-09-28 10:30:17'),
(366, 8, '/PMST16/PMIS/boqdata.php', '2021-09-28 10:30:18'),
(367, 8, '/PMST16/PMIS/subboq.php?subaid=26&levelid=3', '2021-09-28 10:30:40'),
(368, 8, '/PMST16/PMIS/subboq.php?subaid=26&levelid=3', '2021-09-28 10:30:55'),
(369, 8, '/PMST16/PMIS/boqdata.php', '2021-09-28 10:30:55'),
(370, 8, '/PMST16/PMIS/reloadboq.php?itemid=27', '2021-09-28 10:31:00'),
(371, 8, '/PMST16/PMIS/adddataboq.php?itemid=27&boqcode=1.2.2.1.1&boqitem=Concerte%20Works%20BOQ%202&boqunit=cum&boqqty=3000&boq_cur_1_rate=500&boq_cur_2_rate=100', '2021-09-28 10:31:23'),
(372, 8, '/PMST16/PMIS/subboq.php?subaid=18&levelid=2', '2021-09-28 10:31:48'),
(373, 8, '/PMST16/PMIS/subboq.php?subaid=18&levelid=2', '2021-09-28 10:31:55'),
(374, 8, '/PMST16/PMIS/boqdata.php', '2021-09-28 10:31:55'),
(375, 8, '/PMST16/PMIS/subboq.php?subaid=18&levelid=2', '2021-09-28 10:32:09'),
(376, 8, '/PMST16/PMIS/subboq.php?subaid=18&levelid=2', '2021-09-28 10:32:15'),
(377, 8, '/PMST16/PMIS/boqdata.php', '2021-09-28 10:32:15'),
(378, 8, '/PMST16/PMIS/subboq.php?subaid=28&levelid=3', '2021-09-28 10:32:22'),
(379, 8, '/PMST16/PMIS/subboq.php?subaid=28&levelid=3', '2021-09-28 10:32:36'),
(380, 8, '/PMST16/PMIS/boqdata.php', '2021-09-28 10:32:36'),
(381, 8, '/PMST16/PMIS/reloadboq.php?itemid=30', '2021-09-28 10:32:43'),
(382, 8, '/PMST16/PMIS/adddataboq.php?itemid=30&boqcode=1.3.1.1.1&boqitem=Geotechnical%20installation%20BOQ%201&boqunit=Cum&boqqty=2000&boq_cur_1_rate=500&boq_cur_2_rate=100', '2021-09-28 10:33:02'),
(383, 8, '/PMST16/PMIS/subboq.php?subaid=29&levelid=3', '2021-09-28 10:33:15'),
(384, 8, '/PMST16/PMIS/subboq.php?subaid=29&levelid=3', '2021-09-28 10:33:22'),
(385, 8, '/PMST16/PMIS/boqdata.php', '2021-09-28 10:33:23'),
(386, 8, '/PMST16/PMIS/reloadboq.php?itemid=31', '2021-09-28 10:33:32'),
(387, 8, '/PMST16/PMIS/adddataboq.php?itemid=31&boqcode=1.3.2.1.1&boqitem=Geotechnical%20installation%20BOQ%202&boqunit=Cum&boqqty=3000&boq_cur_1_rate=500&boq_cur_2_rate=100', '2021-09-28 10:33:49'),
(388, 8, '/PMST16/PMIS/subboq.php?subaid=19&levelid=2', '2021-09-28 10:33:58'),
(389, 8, '/PMST16/PMIS/subboq.php?subaid=19&levelid=2', '2021-09-28 10:34:05'),
(390, 8, '/PMST16/PMIS/boqdata.php', '2021-09-28 10:34:05'),
(391, 8, '/PMST16/PMIS/subboq.php?subaid=19&levelid=2', '2021-09-28 10:34:10'),
(392, 8, '/PMST16/PMIS/subboq.php?subaid=19&levelid=2', '2021-09-28 10:34:18'),
(393, 8, '/PMST16/PMIS/boqdata.php', '2021-09-28 10:34:18'),
(394, 8, '/PMST16/PMIS/subboq.php?subaid=32&levelid=3', '2021-09-28 10:34:23'),
(395, 8, '/PMST16/PMIS/subboq.php?subaid=32&levelid=3', '2021-09-28 10:34:33'),
(396, 8, '/PMST16/PMIS/boqdata.php', '2021-09-28 10:34:33'),
(397, 8, '/PMST16/PMIS/reloadboq.php?itemid=34', '2021-09-28 10:34:41'),
(398, 8, '/PMST16/PMIS/adddataboq.php?itemid=34&boqcode=1.4.1.1.1&boqitem=Connection%20of%20tunnels%20BOQ%201&boqunit=Cum&boqqty=2000&boq_cur_1_rate=500&boq_cur_2_rate=100', '2021-09-28 10:34:57'),
(399, 8, '/PMST16/PMIS/subboq.php?subaid=33&levelid=3', '2021-09-28 10:35:11'),
(400, 8, '/PMST16/PMIS/subboq.php?subaid=33&levelid=3', '2021-09-28 10:35:18'),
(401, 8, '/PMST16/PMIS/boqdata.php', '2021-09-28 10:35:18'),
(402, 8, '/PMST16/PMIS/reloadboq.php?itemid=35', '2021-09-28 10:35:23'),
(403, 8, '/PMST16/PMIS/adddataboq.php?itemid=35&boqcode=1.4.2.1.1&boqitem=Connection%20of%20tunnels%20BOQ%202&boqunit=Cum&boqqty=3000&boq_cur_1_rate=500&boq_cur_2_rate=100', '2021-09-28 10:35:36'),
(404, 8, '/PMST16/PMIS/subboq.php?edit=25&subaid=24&levelid=3', '2021-09-28 10:36:15'),
(405, 8, '/PMST16/PMIS/reloadboq.php?itemid=25', '2021-09-28 10:36:24'),
(406, 8, '/PMST16/PMIS/editdataboq.php?boqid=4&itemid=25', '2021-09-28 10:36:25'),
(407, 8, '/PMST16/PMIS/canceldataboq.php?itemid=25', '2021-09-28 10:36:30'),
(408, 8, '/PMST16/PMIS/reloadboq.php?itemid=27', '2021-09-28 10:36:39'),
(409, 8, '/PMST16/PMIS/canceldataboq.php?itemid=27', '2021-09-28 10:36:58'),
(410, 9, '/PMST16/PMIS/home.php', '2021-09-29 04:19:38'),
(411, 9, '/PMST16/PMIS/home.php', '2021-09-29 04:19:47'),
(412, 9, '/PMST16/PMIS/boqdata.php', '2021-09-29 04:19:51'),
(413, 10, '/PMST16/PMIS/home.php', '2021-09-29 05:41:18'),
(414, 10, '/PMST16/PMIS/boqdata.php', '2021-09-29 05:41:21'),
(415, 10, '/PMST16/PMIS/KFI_progress_dashboard.php', '2021-09-29 05:41:33'),
(416, 10, '/PMST16/PMIS/findnextlevelboq.php?parentgroup=000013&div_id=1', '2021-09-29 05:41:35'),
(417, 10, '/PMST16/PMIS/KFI_progress_dashboard.php?level_count=4select+*+from+boqdata+WHERE++parentcd%3D172&itemid_0=000013&itemid_1=000013_000014&itemid_2=0&itemid_3=0&itemid_4=0&itemid_5=0', '2021-09-29 05:41:43'),
(418, 10, '/PMST16/PMIS/findnextlevelboq.php?parentgroup=000013_000015&div_id=2', '2021-09-29 05:41:46'),
(419, 10, '/PMST16/PMIS/KFI_progress_dashboard.php?level_count=4select+*+from+boqdata+WHERE++parentcd%3D172&itemid_0=000013&itemid_1=000013_000014&itemid_2=0&itemid_3=0&itemid_4=0&itemid_5=0', '2021-09-29 05:41:57'),
(420, 10, '/PMST16/PMIS/findnextlevelboq.php?parentgroup=000013_000014&div_id=2', '2021-09-29 05:42:00'),
(421, 10, '/PMST16/PMIS/KFI_progress_dashboard.php?level_count=2select+*+from+boqdata+WHERE++parentcd%3D291&itemid_0=000013&itemid_1=000013_000014&itemid_2=000013_000014_000018&itemid_3=0&itemid_4=0&itemid_5=0', '2021-09-29 05:42:07'),
(422, 10, '/PMST16/PMIS/findnextlevelboq.php?parentgroup=000013_000014_000017&div_id=3', '2021-09-29 05:42:09'),
(423, 10, '/PMST16/PMIS/KFI_progress_dashboard.php?level_count=1&itemid_0=000013&itemid_1=000013_000014&itemid_2=000013_000014_000017&itemid_3=000013_000014_000017_000024&itemid_4=0&itemid_5=0', '2021-09-29 05:42:13'),
(424, 10, '/PMST16/PMIS/KFI_progress_dashboard.php?level_count=1&itemid_0=000013&itemid_1=000013_000014&itemid_2=000013_000014_000017&itemid_3=000013_000014_000017_000024&itemid_4=0&itemid_5=0', '2021-09-29 05:42:18'),
(425, 10, '/PMST16/PMIS/reloadboq.php?itemid=34', '2021-09-29 05:44:24'),
(426, 10, '/PMST16/PMIS/reloadboq.php?itemid=30', '2021-09-29 05:44:28'),
(427, 10, '/PMST16/PMIS/KFI_progress_dashboard.php', '2021-09-29 05:44:41'),
(428, 10, '/PMST16/PMIS/findnextlevelboq.php?parentgroup=000013&div_id=1', '2021-09-29 05:44:46'),
(429, 10, '/PMST16/PMIS/KFI_progress_dashboard.php?level_count=4select+*+from+boqdata+WHERE++parentcd%3D172&itemid_0=000013&itemid_1=000013_000014&itemid_2=0&itemid_3=0&itemid_4=0&itemid_5=0', '2021-09-29 05:44:49'),
(430, 10, '/PMST16/PMIS/findnextlevelboq.php?parentgroup=000013_000014&div_id=2', '2021-09-29 05:44:54'),
(431, 10, '/PMST16/PMIS/KFI_progress_dashboard.php?level_count=2select+*+from+boqdata+WHERE++parentcd%3D291&itemid_0=000013&itemid_1=000013_000014&itemid_2=000013_000014_000018&itemid_3=0&itemid_4=0&itemid_5=0', '2021-09-29 05:44:59'),
(432, 10, '/PMST16/PMIS/findnextlevelboq.php?parentgroup=000013_000014_000016&div_id=3', '2021-09-29 05:45:02'),
(433, 10, '/PMST16/PMIS/KFI_progress_dashboard.php?level_count=1&itemid_0=000013&itemid_1=000013_000014&itemid_2=000013_000014_000016&itemid_3=000013_000014_000016_000020&itemid_4=0&itemid_5=0', '2021-09-29 05:45:05'),
(434, 10, '/PMST16/PMIS/KFI_progress_dashboard.php?level_count=1&itemid_0=000013&itemid_1=000013_000014&itemid_2=000013_000014_000016&itemid_3=0&itemid_4=0&itemid_5=0', '2021-09-29 05:45:24'),
(435, 10, '/PMST16/PMIS/KFI_progress_dashboard.php?level_count=1&itemid_0=000013&itemid_1=000013_000014&itemid_2=0&itemid_3=0&itemid_4=0&itemid_5=0', '2021-09-29 05:45:28'),
(436, 10, '/PMST16/PMIS/KFI_progress_dashboard.php?level_count=1&itemid_0=000013&itemid_1=0&itemid_2=0&itemid_3=0&itemid_4=0&itemid_5=0', '2021-09-29 05:45:30'),
(437, 10, '/PMST16/PMIS/KFI_progress_dashboard.php', '2021-09-29 05:45:52'),
(438, 10, '/PMST16/PMIS/findnextlevelboq.php?parentgroup=000013&div_id=1', '2021-09-29 05:45:55'),
(439, 10, '/PMST16/PMIS/KFI_progress_dashboard.php?level_count=2select+*+from+boqdata+WHERE++parentcd%3D150&itemid_0=000013&itemid_1=0&itemid_2=0&itemid_3=0&itemid_4=0&itemid_5=0', '2021-09-29 05:45:58'),
(440, 10, '/PMST16/PMIS/findnextlevelboq.php?parentgroup=000013&div_id=1', '2021-09-29 05:46:13'),
(441, 10, '/PMST16/PMIS/KFI_progress_dashboard.php?level_count=4select+*+from+boqdata+WHERE++parentcd%3D172&itemid_0=000013&itemid_1=000013_000014&itemid_2=0&itemid_3=0&itemid_4=0&itemid_5=0', '2021-09-29 05:46:18'),
(442, 10, '/PMST16/PMIS/findnextlevelboq.php?parentgroup=000013_000015&div_id=2', '2021-09-29 05:46:21'),
(443, 10, '/PMST16/PMIS/KFI_progress_dashboard.php?level_count=0&itemid_0=000013&itemid_1=000013_000015&itemid_2=0&itemid_3=0&itemid_4=0&itemid_5=0', '2021-09-29 05:46:24'),
(444, 10, '/PMST16/PMIS/findnextlevelboq.php?parentgroup=000013_000014&div_id=2', '2021-09-29 05:46:27'),
(445, 10, '/PMST16/PMIS/KFI_progress_dashboard.php?level_count=4select+*+from+boqdata+WHERE++parentcd%3D172&itemid_0=000013&itemid_1=000013_000014&itemid_2=0&itemid_3=0&itemid_4=0&itemid_5=0', '2021-09-29 05:46:27'),
(446, 10, '/PMST16/PMIS/KFI_progress_dashboard.php?level_count=1&itemid_0=000013&itemid_1=0&itemid_2=0&itemid_3=0&itemid_4=0&itemid_5=0', '2021-09-29 05:46:39'),
(447, 10, '/PMST16/PMIS/findnextlevelboq.php?parentgroup=000013&div_id=1', '2021-09-29 05:46:48'),
(448, 10, '/PMST16/PMIS/KFI_progress_dashboard.php?level_count=4select+*+from+boqdata+WHERE++parentcd%3D172&itemid_0=000013&itemid_1=000013_000014&itemid_2=0&itemid_3=0&itemid_4=0&itemid_5=0', '2021-09-29 05:47:10'),
(449, 10, '/PMST16/PMIS/findnextlevelboq.php?parentgroup=000013_000014&div_id=2', '2021-09-29 05:47:14'),
(450, 10, '/PMST16/PMIS/KFI_progress_dashboard.php?level_count=4select+*+from+boqdata+WHERE++parentcd%3D172&itemid_0=000013&itemid_1=000013_000014&itemid_2=0&itemid_3=0&itemid_4=0&itemid_5=0', '2021-09-29 05:47:30'),
(451, 10, '/PMST16/PMIS/findnextlevelboq.php?parentgroup=000013_000015&div_id=2', '2021-09-29 05:47:34'),
(452, 10, '/PMST16/PMIS/KFI_progress_dashboard.php?level_count=0&itemid_0=000013&itemid_1=000013_000015&itemid_2=0&itemid_3=0&itemid_4=0&itemid_5=0', '2021-09-29 05:47:38'),
(453, 10, '/PMST16/PMIS/findnextlevelboq.php?parentgroup=000013_000014&div_id=2', '2021-09-29 05:47:42'),
(454, 10, '/PMST16/PMIS/KFI_progress_dashboard.php?level_count=4select+*+from+boqdata+WHERE++parentcd%3D172&itemid_0=000013&itemid_1=000013_000014&itemid_2=0&itemid_3=0&itemid_4=0&itemid_5=0', '2021-09-29 05:47:44'),
(455, 10, '/PMST16/PMIS/home.php', '2021-09-29 05:52:30'),
(456, 9, '/PMST16/PMIS/KFI_progress_dashboard.php', '2021-09-29 06:07:00'),
(457, 9, '/PMST16/PMIS/findnextlevelboq.php?parentgroup=000013&div_id=1', '2021-09-29 06:07:02'),
(458, 9, '/PMST16/PMIS/KFI_progress_dashboard.php', '2021-09-29 06:07:16'),
(459, 9, '/PMST16/PMIS/findnextlevelboq.php?parentgroup=000013&div_id=1', '2021-09-29 06:07:18'),
(460, 9, '/PMST16/PMIS/boqdata.php', '2021-09-29 06:18:42'),
(461, 9, '/PMST16/PMIS/KFI_progress_dashboard.php', '2021-09-29 06:18:45'),
(462, 9, '/PMST16/PMIS/findnextlevelboq.php?parentgroup=000013&div_id=1', '2021-09-29 06:18:49'),
(463, 9, '/PMST16/PMIS/KFI_progress_dashboard.php?level_count=2select+*+from+boqdata+WHERE++parentcd%3D150&itemid_0=000013&itemid_1=0&itemid_2=0&itemid_3=0&itemid_4=0&itemid_5=0', '2021-09-29 06:18:51'),
(464, 9, '/PMST16/PMIS/findnextlevelboq.php?parentgroup=000013&div_id=1', '2021-09-29 06:19:15'),
(465, 9, '/PMST16/PMIS/KFI_progress_dashboard.php?level_count=2select+*+from+boqdata+WHERE++parentcd%3D150&itemid_0=000013&itemid_1=0&itemid_2=0&itemid_3=0&itemid_4=0&itemid_5=0', '2021-09-29 06:19:16'),
(466, 9, '/PMST16/PMIS/findnextlevelboq.php?parentgroup=000013&div_id=1', '2021-09-29 06:19:20'),
(467, 9, '/PMST16/PMIS/KFI_progress_dashboard.php?level_count=4select+*+from+boqdata+WHERE++parentcd%3D172&itemid_0=000013&itemid_1=000013_000014&itemid_2=0&itemid_3=0&itemid_4=0&itemid_5=0', '2021-09-29 06:19:22'),
(468, 9, '/PMST16/PMIS/findnextlevelboq.php?parentgroup=000013_000014&div_id=2', '2021-09-29 06:19:34'),
(469, 9, '/PMST16/PMIS/KFI_progress_dashboard.php?level_count=2select+*+from+boqdata+WHERE++parentcd%3D221&itemid_0=000013&itemid_1=000013_000014&itemid_2=000013_000014_000016&itemid_3=0&itemid_4=0&itemid_5=0', '2021-09-29 06:19:39'),
(470, 9, '/PMST16/PMIS/findnextlevelboq.php?parentgroup=000013_000014_000016&div_id=3', '2021-09-29 06:19:48'),
(471, 9, '/PMST16/PMIS/KFI_progress_dashboard.php?level_count=1&itemid_0=000013&itemid_1=000013_000014&itemid_2=000013_000014_000016&itemid_3=000013_000014_000016_000020&itemid_4=0&itemid_5=0', '2021-09-29 06:19:51'),
(472, 9, '/PMST16/PMIS/KFI_progress_dashboard.php?level_count=2select+*+from+boqdata+WHERE++parentcd%3D221&itemid_0=000013&itemid_1=000013_000014&itemid_2=000013_000014_000016&itemid_3=0&itemid_4=0&itemid_5=0', '2021-09-29 08:50:27'),
(473, 9, '/PMST16/PMIS/KFI_progress_dashboard.php?level_count=4select+*+from+boqdata+WHERE++parentcd%3D172&itemid_0=000013&itemid_1=000013_000014&itemid_2=0&itemid_3=0&itemid_4=0&itemid_5=0', '2021-09-29 09:34:47'),
(474, 9, '/PMST16/PMIS/KFI_progress_dashboard.php?level_count=2select+*+from+boqdata+WHERE++parentcd%3D150&itemid_0=000013&itemid_1=0&itemid_2=0&itemid_3=0&itemid_4=0&itemid_5=0', '2021-09-29 09:34:50'),
(475, 9, '/PMST16/PMIS/findnextlevelboq.php?parentgroup=000013&div_id=1', '2021-09-29 09:35:05'),
(476, 9, '/PMST16/PMIS/KFI_progress_dashboard.php?level_count=2select+*+from+boqdata+WHERE++parentcd%3D150&itemid_0=000013&itemid_1=0&itemid_2=0&itemid_3=0&itemid_4=0&itemid_5=0', '2021-09-29 09:35:12'),
(477, 9, '/PMST16/PMIS/findnextlevelboq.php?parentgroup=000013&div_id=1', '2021-09-29 09:35:15'),
(478, 9, '/PMST16/PMIS/KFI_progress_dashboard.php?level_count=0&itemid_0=000013&itemid_1=0&itemid_2=0&itemid_3=0&itemid_4=0&itemid_5=0', '2021-09-29 09:35:32'),
(479, 9, '/PMST16/PMIS/findnextlevelboq.php?parentgroup=000013&div_id=1', '2021-09-29 09:35:35'),
(480, 9, '/PMST16/PMIS/KFI_progress_dashboard.php?level_count=4select+*+from+boqdata+WHERE++parentcd%3D172&itemid_0=000013&itemid_1=000013_000014&itemid_2=0&itemid_3=0&itemid_4=0&itemid_5=0', '2021-09-29 09:35:37'),
(481, 9, '/PMST16/PMIS/findnextlevelboq.php?parentgroup=000013_000015&div_id=2', '2021-09-29 09:35:39'),
(482, 9, '/PMST16/PMIS/KFI_progress_dashboard.php?level_count=0&itemid_0=000013&itemid_1=000013_000015&itemid_2=0&itemid_3=0&itemid_4=0&itemid_5=0', '2021-09-29 09:35:41'),
(483, 9, '/PMST16/PMIS/findnextlevelboq.php?parentgroup=000013_000014&div_id=2', '2021-09-29 09:35:43'),
(484, 9, '/PMST16/PMIS/KFI_progress_dashboard.php?level_count=2select+*+from+boqdata+WHERE++parentcd%3D291&itemid_0=000013&itemid_1=000013_000014&itemid_2=000013_000014_000018&itemid_3=0&itemid_4=0&itemid_5=0', '2021-09-29 09:35:51'),
(485, 9, '/PMST16/PMIS/findnextlevelboq.php?parentgroup=000013_000014_000017&div_id=3', '2021-09-29 09:35:53'),
(486, 9, '/PMST16/PMIS/KFI_progress_dashboard.php?level_count=1&itemid_0=000013&itemid_1=000013_000014&itemid_2=000013_000014_000017&itemid_3=000013_000014_000017_000024&itemid_4=0&itemid_5=0', '2021-09-29 09:36:07'),
(487, 9, '/PMST16/PMIS/findnextlevelboq.php?parentgroup=000013_000014_000016_000020&div_id=4', '2021-09-29 09:36:08'),
(488, 9, '/PMST16/PMIS/findnextlevelboq.php?parentgroup=000013_000014_000016_000020_000021&div_id=5', '2021-09-29 09:36:28'),
(489, 9, '/PMST16/PMIS/KFI_progress_dashboard.php', '2021-09-29 09:43:47'),
(490, 9, '/PMST16/PMIS/findnextlevelboq.php?parentgroup=000013&div_id=1', '2021-09-29 10:11:03'),
(491, 9, '/PMST16/PMIS/boqdata.php', '2021-09-29 10:11:07'),
(492, 9, '/PMST16/PMIS/KFI_progress_dashboard.php?level_count=0&itemid_0=000013&itemid_1=000013_000014&itemid_2=000013_000014_000017&itemid_3=000013_000014_000016_000020&itemid_4=000013_000014_000016_000020_000021&itemid_5=0', '2021-09-29 10:14:31'),
(493, 9, '/PMST16/PMIS/KFI_progress_dashboard.php?level_count=1&itemid_0=000013&itemid_1=000013_000014&itemid_2=000013_000014_000017&itemid_3=000013_000014_000016_000020&itemid_4=0&itemid_5=0', '2021-09-29 10:14:35'),
(494, 9, '/PMST16/PMIS/analysis.php', '2021-09-29 11:50:13'),
(495, 9, '/PMST16/PMIS/boqdata.php', '2021-09-29 11:50:17'),
(496, 9, '/PMST16/PMIS/KFI_progress_dashboard.php?level_count=1&itemid_0=000013&itemid_1=000013_000014&itemid_2=000013_000014_000017&itemid_3=000013_000014_000016_000020&itemid_4=0&itemid_5=0', '2021-09-29 12:06:19');

-- --------------------------------------------------------

--
-- Table structure for table `planned`
--

CREATE TABLE `planned` (
  `plid` int(11) NOT NULL,
  `itemid` int(11) NOT NULL,
  `rid` int(11) NOT NULL,
  `temp_id` int(11) NOT NULL,
  `budgetdate` date NOT NULL,
  `budgetqty` double NOT NULL,
  `budgetamount` double NOT NULL
) ENGINE=MyISAM DEFAULT CHARSET=latin1;

-- --------------------------------------------------------

--
-- Table structure for table `progress`
--

CREATE TABLE `progress` (
  `pgid` int(11) NOT NULL,
  `itemid` int(11) NOT NULL,
  `rid` int(11) NOT NULL,
  `temp_id` int(11) NOT NULL,
  `progressdate` date NOT NULL,
  `progressqty` double NOT NULL
) ENGINE=MyISAM DEFAULT CHARSET=latin1;

-- --------------------------------------------------------

--
-- Table structure for table `progressmonth`
--

CREATE TABLE `progressmonth` (
  `pmid` int(11) NOT NULL,
  `pmonth` date NOT NULL,
  `status` varchar(1) DEFAULT NULL,
  `remarks` text NOT NULL,
  `temp_id` int(11) NOT NULL
) ENGINE=MyISAM DEFAULT CHARSET=latin1;

-- --------------------------------------------------------

--
-- Table structure for table `progressmonth_log`
--

CREATE TABLE `progressmonth_log` (
  `log_cd` int(11) NOT NULL,
  `log_module` varchar(210) NOT NULL,
  `log_title` varchar(210) NOT NULL,
  `log_date` timestamp NOT NULL DEFAULT current_timestamp() ON UPDATE current_timestamp(),
  `log_ip` varchar(200) NOT NULL,
  `pmonth` date NOT NULL,
  `status` varchar(1) DEFAULT NULL,
  `remarks` text NOT NULL,
  `transaction_id` int(11) NOT NULL
) ENGINE=MyISAM DEFAULT CHARSET=latin1;

-- --------------------------------------------------------

--
-- Table structure for table `project`
--

CREATE TABLE `project` (
  `pid` int(11) NOT NULL,
  `pcode` varchar(200) DEFAULT NULL,
  `pdetail` varchar(500) DEFAULT NULL,
  `pstart` date DEFAULT NULL,
  `pend` date DEFAULT NULL,
  `client` varchar(100) DEFAULT NULL,
  `contractor` varchar(100) DEFAULT NULL,
  `consultant` varchar(100) DEFAULT NULL,
  `funding_agency` varchar(100) DEFAULT NULL,
  `pcost` double DEFAULT NULL,
  `sector_id` int(11) DEFAULT NULL,
  `country_id` int(11) DEFAULT NULL,
  `location` varchar(200) DEFAULT NULL,
  `smec_code` varchar(100) DEFAULT NULL,
  `ptype` int(11) DEFAULT NULL
) ENGINE=MyISAM DEFAULT CHARSET=latin1;

--
-- Dumping data for table `project`
--

INSERT INTO `project` (`pid`, `pcode`, `pdetail`, `pstart`, `pend`, `client`, `contractor`, `consultant`, `funding_agency`, `pcost`, `sector_id`, `country_id`, `location`, `smec_code`, `ptype`) VALUES
(1, 'ABC123', 'Diamer Bhasha Dam', '2021-05-01', '2024-06-30', 'WAPDA', 'ABC', 'XYZ', 'Gov Pakistan', 1233445565, 6, 162, 'ISB', '88888', 1);

-- --------------------------------------------------------

--
-- Table structure for table `project_currency`
--

CREATE TABLE `project_currency` (
  `pcid` int(11) NOT NULL,
  `base_cur` varchar(10) NOT NULL,
  `cur_1` varchar(10) NOT NULL,
  `cur_1_rate` double NOT NULL,
  `cur_2` varchar(10) NOT NULL,
  `cur_2_rate` double NOT NULL,
  `cur_3` varchar(20) NOT NULL,
  `cur_3_rate` double NOT NULL
) ENGINE=InnoDB DEFAULT CHARSET=latin1;

--
-- Dumping data for table `project_currency`
--

INSERT INTO `project_currency` (`pcid`, `base_cur`, `cur_1`, `cur_1_rate`, `cur_2`, `cur_2_rate`, `cur_3`, `cur_3_rate`) VALUES
(1, 'PKR', 'PKR', 1, 'USD', 150, '', 0);

-- --------------------------------------------------------

--
-- Table structure for table `project_days`
--

CREATE TABLE `project_days` (
  `pd_id` int(11) NOT NULL,
  `pd_date` date DEFAULT NULL,
  `pd_status` int(11) DEFAULT NULL
) ENGINE=MyISAM DEFAULT CHARSET=latin1;

--
-- Dumping data for table `project_days`
--

INSERT INTO `project_days` (`pd_id`, `pd_date`, `pd_status`) VALUES
(1, '2021-05-01', 0),
(2, '2021-05-02', 0),
(3, '2021-05-03', 1),
(4, '2021-05-04', 1),
(5, '2021-05-05', 1),
(6, '2021-05-06', 1),
(7, '2021-05-07', 1),
(8, '2021-05-08', 0),
(9, '2021-05-09', 0),
(10, '2021-05-10', 1),
(11, '2021-05-11', 1),
(12, '2021-05-12', 1),
(13, '2021-05-13', 1),
(14, '2021-05-14', 1),
(15, '2021-05-15', 0),
(16, '2021-05-16', 0),
(17, '2021-05-17', 1),
(18, '2021-05-18', 1),
(19, '2021-05-19', 1),
(20, '2021-05-20', 1),
(21, '2021-05-21', 1),
(22, '2021-05-22', 0),
(23, '2021-05-23', 0),
(24, '2021-05-24', 1),
(25, '2021-05-25', 1),
(26, '2021-05-26', 1),
(27, '2021-05-27', 1),
(28, '2021-05-28', 1),
(29, '2021-05-29', 0),
(30, '2021-05-30', 0),
(31, '2021-05-31', 1),
(32, '2021-06-01', 1),
(33, '2021-06-02', 1),
(34, '2021-06-03', 1),
(35, '2021-06-04', 1),
(36, '2021-06-05', 0),
(37, '2021-06-06', 0),
(38, '2021-06-07', 1),
(39, '2021-06-08', 1),
(40, '2021-06-09', 1),
(41, '2021-06-10', 1),
(42, '2021-06-11', 1),
(43, '2021-06-12', 0),
(44, '2021-06-13', 0),
(45, '2021-06-14', 1),
(46, '2021-06-15', 1),
(47, '2021-06-16', 1),
(48, '2021-06-17', 1),
(49, '2021-06-18', 1),
(50, '2021-06-19', 0),
(51, '2021-06-20', 0),
(52, '2021-06-21', 1),
(53, '2021-06-22', 1),
(54, '2021-06-23', 1),
(55, '2021-06-24', 1),
(56, '2021-06-25', 1),
(57, '2021-06-26', 0),
(58, '2021-06-27', 0),
(59, '2021-06-28', 1),
(60, '2021-06-29', 1),
(61, '2021-06-30', 1),
(62, '2021-07-01', 1),
(63, '2021-07-02', 1),
(64, '2021-07-03', 0),
(65, '2021-07-04', 0),
(66, '2021-07-05', 1),
(67, '2021-07-06', 1),
(68, '2021-07-07', 1),
(69, '2021-07-08', 1),
(70, '2021-07-09', 1),
(71, '2021-07-10', 0),
(72, '2021-07-11', 0),
(73, '2021-07-12', 1),
(74, '2021-07-13', 1),
(75, '2021-07-14', 1),
(76, '2021-07-15', 1),
(77, '2021-07-16', 1),
(78, '2021-07-17', 0),
(79, '2021-07-18', 0),
(80, '2021-07-19', 1),
(81, '2021-07-20', 1),
(82, '2021-07-21', 1),
(83, '2021-07-22', 1),
(84, '2021-07-23', 1),
(85, '2021-07-24', 0),
(86, '2021-07-25', 0),
(87, '2021-07-26', 1),
(88, '2021-07-27', 1),
(89, '2021-07-28', 1),
(90, '2021-07-29', 1),
(91, '2021-07-30', 1),
(92, '2021-07-31', 0),
(93, '2021-08-01', 0),
(94, '2021-08-02', 1),
(95, '2021-08-03', 1),
(96, '2021-08-04', 1),
(97, '2021-08-05', 1),
(98, '2021-08-06', 1),
(99, '2021-08-07', 0),
(100, '2021-08-08', 0),
(101, '2021-08-09', 1),
(102, '2021-08-10', 1),
(103, '2021-08-11', 1),
(104, '2021-08-12', 1),
(105, '2021-08-13', 1),
(106, '2021-08-14', 0),
(107, '2021-08-15', 0),
(108, '2021-08-16', 1),
(109, '2021-08-17', 1),
(110, '2021-08-18', 1),
(111, '2021-08-19', 1),
(112, '2021-08-20', 1),
(113, '2021-08-21', 0),
(114, '2021-08-22', 0),
(115, '2021-08-23', 1),
(116, '2021-08-24', 1),
(117, '2021-08-25', 1),
(118, '2021-08-26', 1),
(119, '2021-08-27', 1),
(120, '2021-08-28', 0),
(121, '2021-08-29', 0),
(122, '2021-08-30', 1),
(123, '2021-08-31', 1),
(124, '2021-09-01', 1),
(125, '2021-09-02', 1),
(126, '2021-09-03', 1),
(127, '2021-09-04', 0),
(128, '2021-09-05', 0),
(129, '2021-09-06', 1),
(130, '2021-09-07', 1),
(131, '2021-09-08', 1),
(132, '2021-09-09', 1),
(133, '2021-09-10', 1),
(134, '2021-09-11', 0),
(135, '2021-09-12', 0),
(136, '2021-09-13', 1),
(137, '2021-09-14', 1),
(138, '2021-09-15', 1),
(139, '2021-09-16', 1),
(140, '2021-09-17', 1),
(141, '2021-09-18', 0),
(142, '2021-09-19', 0),
(143, '2021-09-20', 1),
(144, '2021-09-21', 1),
(145, '2021-09-22', 1),
(146, '2021-09-23', 1),
(147, '2021-09-24', 1),
(148, '2021-09-25', 0),
(149, '2021-09-26', 0),
(150, '2021-09-27', 1),
(151, '2021-09-28', 1),
(152, '2021-09-29', 1),
(153, '2021-09-30', 1),
(154, '2021-10-01', 1),
(155, '2021-10-02', 0),
(156, '2021-10-03', 0),
(157, '2021-10-04', 1),
(158, '2021-10-05', 1),
(159, '2021-10-06', 1),
(160, '2021-10-07', 1),
(161, '2021-10-08', 1),
(162, '2021-10-09', 0),
(163, '2021-10-10', 0),
(164, '2021-10-11', 1),
(165, '2021-10-12', 1),
(166, '2021-10-13', 1),
(167, '2021-10-14', 1),
(168, '2021-10-15', 1),
(169, '2021-10-16', 0),
(170, '2021-10-17', 0),
(171, '2021-10-18', 1),
(172, '2021-10-19', 1),
(173, '2021-10-20', 1),
(174, '2021-10-21', 1),
(175, '2021-10-22', 1),
(176, '2021-10-23', 0),
(177, '2021-10-24', 0),
(178, '2021-10-25', 1),
(179, '2021-10-26', 1),
(180, '2021-10-27', 1),
(181, '2021-10-28', 1),
(182, '2021-10-29', 1),
(183, '2021-10-30', 0),
(184, '2021-10-31', 0),
(185, '2021-11-01', 1),
(186, '2021-11-02', 1),
(187, '2021-11-03', 1),
(188, '2021-11-04', 1),
(189, '2021-11-05', 1),
(190, '2021-11-06', 0),
(191, '2021-11-07', 0),
(192, '2021-11-08', 1),
(193, '2021-11-09', 1),
(194, '2021-11-10', 1),
(195, '2021-11-11', 1),
(196, '2021-11-12', 1),
(197, '2021-11-13', 0),
(198, '2021-11-14', 0),
(199, '2021-11-15', 1),
(200, '2021-11-16', 1),
(201, '2021-11-17', 1),
(202, '2021-11-18', 1),
(203, '2021-11-19', 1),
(204, '2021-11-20', 0),
(205, '2021-11-21', 0),
(206, '2021-11-22', 1),
(207, '2021-11-23', 1),
(208, '2021-11-24', 1),
(209, '2021-11-25', 1),
(210, '2021-11-26', 1),
(211, '2021-11-27', 0),
(212, '2021-11-28', 0),
(213, '2021-11-29', 1),
(214, '2021-11-30', 1),
(215, '2021-12-01', 1),
(216, '2021-12-02', 1),
(217, '2021-12-03', 1),
(218, '2021-12-04', 0),
(219, '2021-12-05', 0),
(220, '2021-12-06', 1),
(221, '2021-12-07', 1),
(222, '2021-12-08', 1),
(223, '2021-12-09', 1),
(224, '2021-12-10', 1),
(225, '2021-12-11', 0),
(226, '2021-12-12', 0),
(227, '2021-12-13', 1),
(228, '2021-12-14', 1),
(229, '2021-12-15', 1),
(230, '2021-12-16', 1),
(231, '2021-12-17', 1),
(232, '2021-12-18', 0),
(233, '2021-12-19', 0),
(234, '2021-12-20', 1),
(235, '2021-12-21', 1),
(236, '2021-12-22', 1),
(237, '2021-12-23', 1),
(238, '2021-12-24', 1),
(239, '2021-12-25', 0),
(240, '2021-12-26', 0),
(241, '2021-12-27', 1),
(242, '2021-12-28', 1),
(243, '2021-12-29', 1),
(244, '2021-12-30', 1),
(245, '2021-12-31', 1),
(246, '2022-01-01', 0),
(247, '2022-01-02', 0),
(248, '2022-01-03', 1),
(249, '2022-01-04', 1),
(250, '2022-01-05', 1),
(251, '2022-01-06', 1),
(252, '2022-01-07', 1),
(253, '2022-01-08', 0),
(254, '2022-01-09', 0),
(255, '2022-01-10', 1),
(256, '2022-01-11', 1),
(257, '2022-01-12', 1),
(258, '2022-01-13', 1),
(259, '2022-01-14', 1),
(260, '2022-01-15', 0),
(261, '2022-01-16', 0),
(262, '2022-01-17', 1),
(263, '2022-01-18', 1),
(264, '2022-01-19', 1),
(265, '2022-01-20', 1),
(266, '2022-01-21', 1),
(267, '2022-01-22', 0),
(268, '2022-01-23', 0),
(269, '2022-01-24', 1),
(270, '2022-01-25', 1),
(271, '2022-01-26', 1),
(272, '2022-01-27', 1),
(273, '2022-01-28', 1),
(274, '2022-01-29', 0),
(275, '2022-01-30', 0),
(276, '2022-01-31', 1),
(277, '2022-02-01', 1),
(278, '2022-02-02', 1),
(279, '2022-02-03', 1),
(280, '2022-02-04', 1),
(281, '2022-02-05', 0),
(282, '2022-02-06', 0),
(283, '2022-02-07', 1),
(284, '2022-02-08', 1),
(285, '2022-02-09', 1),
(286, '2022-02-10', 1),
(287, '2022-02-11', 1),
(288, '2022-02-12', 0),
(289, '2022-02-13', 0),
(290, '2022-02-14', 1),
(291, '2022-02-15', 1),
(292, '2022-02-16', 1),
(293, '2022-02-17', 1),
(294, '2022-02-18', 1),
(295, '2022-02-19', 0),
(296, '2022-02-20', 0),
(297, '2022-02-21', 1),
(298, '2022-02-22', 1),
(299, '2022-02-23', 1),
(300, '2022-02-24', 1),
(301, '2022-02-25', 1),
(302, '2022-02-26', 0),
(303, '2022-02-27', 0),
(304, '2022-02-28', 1),
(305, '2022-03-01', 1),
(306, '2022-03-02', 1),
(307, '2022-03-03', 1),
(308, '2022-03-04', 1),
(309, '2022-03-05', 0),
(310, '2022-03-06', 0),
(311, '2022-03-07', 1),
(312, '2022-03-08', 1),
(313, '2022-03-09', 1),
(314, '2022-03-10', 1),
(315, '2022-03-11', 1),
(316, '2022-03-12', 0),
(317, '2022-03-13', 0),
(318, '2022-03-14', 1),
(319, '2022-03-15', 1),
(320, '2022-03-16', 1),
(321, '2022-03-17', 1),
(322, '2022-03-18', 1),
(323, '2022-03-19', 0),
(324, '2022-03-20', 0),
(325, '2022-03-21', 1),
(326, '2022-03-22', 1),
(327, '2022-03-23', 1),
(328, '2022-03-24', 1),
(329, '2022-03-25', 1),
(330, '2022-03-26', 0),
(331, '2022-03-27', 0),
(332, '2022-03-28', 1),
(333, '2022-03-29', 1),
(334, '2022-03-30', 1),
(335, '2022-03-31', 1),
(336, '2022-04-01', 1),
(337, '2022-04-02', 0),
(338, '2022-04-03', 0),
(339, '2022-04-04', 1),
(340, '2022-04-05', 1),
(341, '2022-04-06', 1),
(342, '2022-04-07', 1),
(343, '2022-04-08', 1),
(344, '2022-04-09', 0),
(345, '2022-04-10', 0),
(346, '2022-04-11', 1),
(347, '2022-04-12', 1),
(348, '2022-04-13', 1),
(349, '2022-04-14', 1),
(350, '2022-04-15', 1),
(351, '2022-04-16', 0),
(352, '2022-04-17', 0),
(353, '2022-04-18', 1),
(354, '2022-04-19', 1),
(355, '2022-04-20', 1),
(356, '2022-04-21', 1),
(357, '2022-04-22', 1),
(358, '2022-04-23', 0),
(359, '2022-04-24', 0),
(360, '2022-04-25', 1),
(361, '2022-04-26', 1),
(362, '2022-04-27', 1),
(363, '2022-04-28', 1),
(364, '2022-04-29', 1),
(365, '2022-04-30', 0),
(366, '2022-05-01', 0),
(367, '2022-05-02', 1),
(368, '2022-05-03', 1),
(369, '2022-05-04', 1),
(370, '2022-05-05', 1),
(371, '2022-05-06', 1),
(372, '2022-05-07', 0),
(373, '2022-05-08', 0),
(374, '2022-05-09', 1),
(375, '2022-05-10', 1),
(376, '2022-05-11', 1),
(377, '2022-05-12', 1),
(378, '2022-05-13', 1),
(379, '2022-05-14', 0),
(380, '2022-05-15', 0),
(381, '2022-05-16', 1),
(382, '2022-05-17', 1),
(383, '2022-05-18', 1),
(384, '2022-05-19', 1),
(385, '2022-05-20', 1),
(386, '2022-05-21', 0),
(387, '2022-05-22', 0),
(388, '2022-05-23', 1),
(389, '2022-05-24', 1),
(390, '2022-05-25', 1),
(391, '2022-05-26', 1),
(392, '2022-05-27', 1),
(393, '2022-05-28', 0),
(394, '2022-05-29', 0),
(395, '2022-05-30', 1),
(396, '2022-05-31', 1),
(397, '2022-06-01', 1),
(398, '2022-06-02', 1),
(399, '2022-06-03', 1),
(400, '2022-06-04', 0),
(401, '2022-06-05', 0),
(402, '2022-06-06', 1),
(403, '2022-06-07', 1),
(404, '2022-06-08', 1),
(405, '2022-06-09', 1),
(406, '2022-06-10', 1),
(407, '2022-06-11', 0),
(408, '2022-06-12', 0),
(409, '2022-06-13', 1),
(410, '2022-06-14', 1),
(411, '2022-06-15', 1),
(412, '2022-06-16', 1),
(413, '2022-06-17', 1),
(414, '2022-06-18', 0),
(415, '2022-06-19', 0),
(416, '2022-06-20', 1),
(417, '2022-06-21', 1),
(418, '2022-06-22', 1),
(419, '2022-06-23', 1),
(420, '2022-06-24', 1),
(421, '2022-06-25', 0),
(422, '2022-06-26', 0),
(423, '2022-06-27', 1),
(424, '2022-06-28', 1),
(425, '2022-06-29', 1),
(426, '2022-06-30', 1),
(427, '2022-07-01', 1),
(428, '2022-07-02', 0),
(429, '2022-07-03', 0),
(430, '2022-07-04', 1),
(431, '2022-07-05', 1),
(432, '2022-07-06', 1),
(433, '2022-07-07', 1),
(434, '2022-07-08', 1),
(435, '2022-07-09', 0),
(436, '2022-07-10', 0),
(437, '2022-07-11', 1),
(438, '2022-07-12', 1),
(439, '2022-07-13', 1),
(440, '2022-07-14', 1),
(441, '2022-07-15', 1),
(442, '2022-07-16', 0),
(443, '2022-07-17', 0),
(444, '2022-07-18', 1),
(445, '2022-07-19', 1),
(446, '2022-07-20', 1),
(447, '2022-07-21', 1),
(448, '2022-07-22', 1),
(449, '2022-07-23', 0),
(450, '2022-07-24', 0),
(451, '2022-07-25', 1),
(452, '2022-07-26', 1),
(453, '2022-07-27', 1),
(454, '2022-07-28', 1),
(455, '2022-07-29', 1),
(456, '2022-07-30', 0),
(457, '2022-07-31', 0),
(458, '2022-08-01', 1),
(459, '2022-08-02', 1),
(460, '2022-08-03', 1),
(461, '2022-08-04', 1),
(462, '2022-08-05', 1),
(463, '2022-08-06', 0),
(464, '2022-08-07', 0),
(465, '2022-08-08', 1),
(466, '2022-08-09', 1),
(467, '2022-08-10', 1),
(468, '2022-08-11', 1),
(469, '2022-08-12', 1),
(470, '2022-08-13', 0),
(471, '2022-08-14', 0),
(472, '2022-08-15', 1),
(473, '2022-08-16', 1),
(474, '2022-08-17', 1),
(475, '2022-08-18', 1),
(476, '2022-08-19', 1),
(477, '2022-08-20', 0),
(478, '2022-08-21', 0),
(479, '2022-08-22', 1),
(480, '2022-08-23', 1),
(481, '2022-08-24', 1),
(482, '2022-08-25', 1),
(483, '2022-08-26', 1),
(484, '2022-08-27', 0),
(485, '2022-08-28', 0),
(486, '2022-08-29', 1),
(487, '2022-08-30', 1),
(488, '2022-08-31', 1),
(489, '2022-09-01', 1),
(490, '2022-09-02', 1),
(491, '2022-09-03', 0),
(492, '2022-09-04', 0),
(493, '2022-09-05', 1),
(494, '2022-09-06', 1),
(495, '2022-09-07', 1),
(496, '2022-09-08', 1),
(497, '2022-09-09', 1),
(498, '2022-09-10', 0),
(499, '2022-09-11', 0),
(500, '2022-09-12', 1),
(501, '2022-09-13', 1),
(502, '2022-09-14', 1),
(503, '2022-09-15', 1),
(504, '2022-09-16', 1),
(505, '2022-09-17', 0),
(506, '2022-09-18', 0),
(507, '2022-09-19', 1),
(508, '2022-09-20', 1),
(509, '2022-09-21', 1),
(510, '2022-09-22', 1),
(511, '2022-09-23', 1),
(512, '2022-09-24', 0),
(513, '2022-09-25', 0),
(514, '2022-09-26', 1),
(515, '2022-09-27', 1),
(516, '2022-09-28', 1),
(517, '2022-09-29', 1),
(518, '2022-09-30', 1),
(519, '2022-10-01', 0),
(520, '2022-10-02', 0),
(521, '2022-10-03', 1),
(522, '2022-10-04', 1),
(523, '2022-10-05', 1),
(524, '2022-10-06', 1),
(525, '2022-10-07', 1),
(526, '2022-10-08', 0),
(527, '2022-10-09', 0),
(528, '2022-10-10', 1),
(529, '2022-10-11', 1),
(530, '2022-10-12', 1),
(531, '2022-10-13', 1),
(532, '2022-10-14', 1),
(533, '2022-10-15', 0),
(534, '2022-10-16', 0),
(535, '2022-10-17', 1),
(536, '2022-10-18', 1),
(537, '2022-10-19', 1),
(538, '2022-10-20', 1),
(539, '2022-10-21', 1),
(540, '2022-10-22', 0),
(541, '2022-10-23', 0),
(542, '2022-10-24', 1),
(543, '2022-10-25', 1),
(544, '2022-10-26', 1),
(545, '2022-10-27', 1),
(546, '2022-10-28', 1),
(547, '2022-10-29', 0),
(548, '2022-10-30', 0),
(549, '2022-10-31', 1),
(550, '2022-11-01', 1),
(551, '2022-11-02', 1),
(552, '2022-11-03', 1),
(553, '2022-11-04', 1),
(554, '2022-11-05', 0),
(555, '2022-11-06', 0),
(556, '2022-11-07', 1),
(557, '2022-11-08', 1),
(558, '2022-11-09', 1),
(559, '2022-11-10', 1),
(560, '2022-11-11', 1),
(561, '2022-11-12', 0),
(562, '2022-11-13', 0),
(563, '2022-11-14', 1),
(564, '2022-11-15', 1),
(565, '2022-11-16', 1),
(566, '2022-11-17', 1),
(567, '2022-11-18', 1),
(568, '2022-11-19', 0),
(569, '2022-11-20', 0),
(570, '2022-11-21', 1),
(571, '2022-11-22', 1),
(572, '2022-11-23', 1),
(573, '2022-11-24', 1),
(574, '2022-11-25', 1),
(575, '2022-11-26', 0),
(576, '2022-11-27', 0),
(577, '2022-11-28', 1),
(578, '2022-11-29', 1),
(579, '2022-11-30', 1),
(580, '2022-12-01', 1),
(581, '2022-12-02', 1),
(582, '2022-12-03', 0),
(583, '2022-12-04', 0),
(584, '2022-12-05', 1),
(585, '2022-12-06', 1),
(586, '2022-12-07', 1),
(587, '2022-12-08', 1),
(588, '2022-12-09', 1),
(589, '2022-12-10', 0),
(590, '2022-12-11', 0),
(591, '2022-12-12', 1),
(592, '2022-12-13', 1),
(593, '2022-12-14', 1),
(594, '2022-12-15', 1),
(595, '2022-12-16', 1),
(596, '2022-12-17', 0),
(597, '2022-12-18', 0),
(598, '2022-12-19', 1),
(599, '2022-12-20', 1),
(600, '2022-12-21', 1),
(601, '2022-12-22', 1),
(602, '2022-12-23', 1),
(603, '2022-12-24', 0),
(604, '2022-12-25', 0),
(605, '2022-12-26', 1),
(606, '2022-12-27', 1),
(607, '2022-12-28', 1),
(608, '2022-12-29', 1),
(609, '2022-12-30', 1),
(610, '2022-12-31', 0),
(611, '2023-01-01', 0),
(612, '2023-01-02', 1),
(613, '2023-01-03', 1),
(614, '2023-01-04', 1),
(615, '2023-01-05', 1),
(616, '2023-01-06', 1),
(617, '2023-01-07', 0),
(618, '2023-01-08', 0),
(619, '2023-01-09', 1),
(620, '2023-01-10', 1),
(621, '2023-01-11', 1),
(622, '2023-01-12', 1),
(623, '2023-01-13', 1),
(624, '2023-01-14', 0),
(625, '2023-01-15', 0),
(626, '2023-01-16', 1),
(627, '2023-01-17', 1),
(628, '2023-01-18', 1),
(629, '2023-01-19', 1),
(630, '2023-01-20', 1),
(631, '2023-01-21', 0),
(632, '2023-01-22', 0),
(633, '2023-01-23', 1),
(634, '2023-01-24', 1),
(635, '2023-01-25', 1),
(636, '2023-01-26', 1),
(637, '2023-01-27', 1),
(638, '2023-01-28', 0),
(639, '2023-01-29', 0),
(640, '2023-01-30', 1),
(641, '2023-01-31', 1),
(642, '2023-02-01', 1),
(643, '2023-02-02', 1),
(644, '2023-02-03', 1),
(645, '2023-02-04', 0),
(646, '2023-02-05', 0),
(647, '2023-02-06', 1),
(648, '2023-02-07', 1),
(649, '2023-02-08', 1),
(650, '2023-02-09', 1),
(651, '2023-02-10', 1),
(652, '2023-02-11', 0),
(653, '2023-02-12', 0),
(654, '2023-02-13', 1),
(655, '2023-02-14', 1),
(656, '2023-02-15', 1),
(657, '2023-02-16', 1),
(658, '2023-02-17', 1),
(659, '2023-02-18', 0),
(660, '2023-02-19', 0),
(661, '2023-02-20', 1),
(662, '2023-02-21', 1),
(663, '2023-02-22', 1),
(664, '2023-02-23', 1),
(665, '2023-02-24', 1),
(666, '2023-02-25', 0),
(667, '2023-02-26', 0),
(668, '2023-02-27', 1),
(669, '2023-02-28', 1),
(670, '2023-03-01', 1),
(671, '2023-03-02', 1),
(672, '2023-03-03', 1),
(673, '2023-03-04', 0),
(674, '2023-03-05', 0),
(675, '2023-03-06', 1),
(676, '2023-03-07', 1),
(677, '2023-03-08', 1),
(678, '2023-03-09', 1),
(679, '2023-03-10', 1),
(680, '2023-03-11', 0),
(681, '2023-03-12', 0),
(682, '2023-03-13', 1),
(683, '2023-03-14', 1),
(684, '2023-03-15', 1),
(685, '2023-03-16', 1),
(686, '2023-03-17', 1),
(687, '2023-03-18', 0),
(688, '2023-03-19', 0),
(689, '2023-03-20', 1),
(690, '2023-03-21', 1),
(691, '2023-03-22', 1),
(692, '2023-03-23', 1),
(693, '2023-03-24', 1),
(694, '2023-03-25', 0),
(695, '2023-03-26', 0),
(696, '2023-03-27', 1),
(697, '2023-03-28', 1),
(698, '2023-03-29', 1),
(699, '2023-03-30', 1),
(700, '2023-03-31', 1),
(701, '2023-04-01', 0),
(702, '2023-04-02', 0),
(703, '2023-04-03', 1),
(704, '2023-04-04', 1),
(705, '2023-04-05', 1),
(706, '2023-04-06', 1),
(707, '2023-04-07', 1),
(708, '2023-04-08', 0),
(709, '2023-04-09', 0),
(710, '2023-04-10', 1),
(711, '2023-04-11', 1),
(712, '2023-04-12', 1),
(713, '2023-04-13', 1),
(714, '2023-04-14', 1),
(715, '2023-04-15', 0),
(716, '2023-04-16', 0),
(717, '2023-04-17', 1),
(718, '2023-04-18', 1),
(719, '2023-04-19', 1),
(720, '2023-04-20', 1),
(721, '2023-04-21', 1),
(722, '2023-04-22', 0),
(723, '2023-04-23', 0),
(724, '2023-04-24', 1),
(725, '2023-04-25', 1),
(726, '2023-04-26', 1),
(727, '2023-04-27', 1),
(728, '2023-04-28', 1),
(729, '2023-04-29', 0),
(730, '2023-04-30', 0),
(731, '2023-05-01', 1),
(732, '2023-05-02', 1),
(733, '2023-05-03', 1),
(734, '2023-05-04', 1),
(735, '2023-05-05', 1),
(736, '2023-05-06', 0),
(737, '2023-05-07', 0),
(738, '2023-05-08', 1),
(739, '2023-05-09', 1),
(740, '2023-05-10', 1),
(741, '2023-05-11', 1),
(742, '2023-05-12', 1),
(743, '2023-05-13', 0),
(744, '2023-05-14', 0),
(745, '2023-05-15', 1),
(746, '2023-05-16', 1),
(747, '2023-05-17', 1),
(748, '2023-05-18', 1),
(749, '2023-05-19', 1),
(750, '2023-05-20', 0),
(751, '2023-05-21', 0),
(752, '2023-05-22', 1),
(753, '2023-05-23', 1),
(754, '2023-05-24', 1),
(755, '2023-05-25', 1),
(756, '2023-05-26', 1),
(757, '2023-05-27', 0),
(758, '2023-05-28', 0),
(759, '2023-05-29', 1),
(760, '2023-05-30', 1),
(761, '2023-05-31', 1),
(762, '2023-06-01', 1),
(763, '2023-06-02', 1),
(764, '2023-06-03', 0),
(765, '2023-06-04', 0),
(766, '2023-06-05', 1),
(767, '2023-06-06', 1),
(768, '2023-06-07', 1),
(769, '2023-06-08', 1),
(770, '2023-06-09', 1),
(771, '2023-06-10', 0),
(772, '2023-06-11', 0),
(773, '2023-06-12', 1),
(774, '2023-06-13', 1),
(775, '2023-06-14', 1),
(776, '2023-06-15', 1),
(777, '2023-06-16', 1),
(778, '2023-06-17', 0),
(779, '2023-06-18', 0),
(780, '2023-06-19', 1),
(781, '2023-06-20', 1),
(782, '2023-06-21', 1),
(783, '2023-06-22', 1),
(784, '2023-06-23', 1),
(785, '2023-06-24', 0),
(786, '2023-06-25', 0),
(787, '2023-06-26', 1),
(788, '2023-06-27', 1),
(789, '2023-06-28', 1),
(790, '2023-06-29', 1),
(791, '2023-06-30', 1),
(792, '2023-07-01', 0),
(793, '2023-07-02', 0),
(794, '2023-07-03', 1),
(795, '2023-07-04', 1),
(796, '2023-07-05', 1),
(797, '2023-07-06', 1),
(798, '2023-07-07', 1),
(799, '2023-07-08', 0),
(800, '2023-07-09', 0),
(801, '2023-07-10', 1),
(802, '2023-07-11', 1),
(803, '2023-07-12', 1),
(804, '2023-07-13', 1),
(805, '2023-07-14', 1),
(806, '2023-07-15', 0),
(807, '2023-07-16', 0),
(808, '2023-07-17', 1),
(809, '2023-07-18', 1),
(810, '2023-07-19', 1),
(811, '2023-07-20', 1),
(812, '2023-07-21', 1),
(813, '2023-07-22', 0),
(814, '2023-07-23', 0),
(815, '2023-07-24', 1),
(816, '2023-07-25', 1),
(817, '2023-07-26', 1),
(818, '2023-07-27', 1),
(819, '2023-07-28', 1),
(820, '2023-07-29', 0),
(821, '2023-07-30', 0),
(822, '2023-07-31', 1),
(823, '2023-08-01', 1),
(824, '2023-08-02', 1),
(825, '2023-08-03', 1),
(826, '2023-08-04', 1),
(827, '2023-08-05', 0),
(828, '2023-08-06', 0),
(829, '2023-08-07', 1),
(830, '2023-08-08', 1),
(831, '2023-08-09', 1),
(832, '2023-08-10', 1),
(833, '2023-08-11', 1),
(834, '2023-08-12', 0),
(835, '2023-08-13', 0),
(836, '2023-08-14', 1),
(837, '2023-08-15', 1),
(838, '2023-08-16', 1),
(839, '2023-08-17', 1),
(840, '2023-08-18', 1),
(841, '2023-08-19', 0),
(842, '2023-08-20', 0),
(843, '2023-08-21', 1),
(844, '2023-08-22', 1),
(845, '2023-08-23', 1),
(846, '2023-08-24', 1),
(847, '2023-08-25', 1),
(848, '2023-08-26', 0),
(849, '2023-08-27', 0),
(850, '2023-08-28', 1),
(851, '2023-08-29', 1),
(852, '2023-08-30', 1),
(853, '2023-08-31', 1),
(854, '2023-09-01', 1),
(855, '2023-09-02', 0),
(856, '2023-09-03', 0),
(857, '2023-09-04', 1),
(858, '2023-09-05', 1),
(859, '2023-09-06', 1),
(860, '2023-09-07', 1),
(861, '2023-09-08', 1),
(862, '2023-09-09', 0),
(863, '2023-09-10', 0),
(864, '2023-09-11', 1),
(865, '2023-09-12', 1),
(866, '2023-09-13', 1),
(867, '2023-09-14', 1),
(868, '2023-09-15', 1),
(869, '2023-09-16', 0),
(870, '2023-09-17', 0),
(871, '2023-09-18', 1),
(872, '2023-09-19', 1),
(873, '2023-09-20', 1),
(874, '2023-09-21', 1),
(875, '2023-09-22', 1),
(876, '2023-09-23', 0),
(877, '2023-09-24', 0),
(878, '2023-09-25', 1),
(879, '2023-09-26', 1),
(880, '2023-09-27', 1),
(881, '2023-09-28', 1),
(882, '2023-09-29', 1),
(883, '2023-09-30', 0),
(884, '2023-10-01', 0),
(885, '2023-10-02', 1),
(886, '2023-10-03', 1),
(887, '2023-10-04', 1),
(888, '2023-10-05', 1),
(889, '2023-10-06', 1),
(890, '2023-10-07', 0),
(891, '2023-10-08', 0),
(892, '2023-10-09', 1),
(893, '2023-10-10', 1),
(894, '2023-10-11', 1),
(895, '2023-10-12', 1),
(896, '2023-10-13', 1),
(897, '2023-10-14', 0),
(898, '2023-10-15', 0),
(899, '2023-10-16', 1),
(900, '2023-10-17', 1),
(901, '2023-10-18', 1),
(902, '2023-10-19', 1),
(903, '2023-10-20', 1),
(904, '2023-10-21', 0),
(905, '2023-10-22', 0),
(906, '2023-10-23', 1),
(907, '2023-10-24', 1),
(908, '2023-10-25', 1),
(909, '2023-10-26', 1),
(910, '2023-10-27', 1),
(911, '2023-10-28', 0),
(912, '2023-10-29', 0),
(913, '2023-10-30', 1),
(914, '2023-10-31', 1),
(915, '2023-11-01', 1),
(916, '2023-11-02', 1),
(917, '2023-11-03', 1),
(918, '2023-11-04', 0),
(919, '2023-11-05', 0),
(920, '2023-11-06', 1),
(921, '2023-11-07', 1),
(922, '2023-11-08', 1),
(923, '2023-11-09', 1),
(924, '2023-11-10', 1),
(925, '2023-11-11', 0),
(926, '2023-11-12', 0),
(927, '2023-11-13', 1),
(928, '2023-11-14', 1),
(929, '2023-11-15', 1),
(930, '2023-11-16', 1),
(931, '2023-11-17', 1),
(932, '2023-11-18', 0),
(933, '2023-11-19', 0),
(934, '2023-11-20', 1),
(935, '2023-11-21', 1),
(936, '2023-11-22', 1),
(937, '2023-11-23', 1),
(938, '2023-11-24', 1),
(939, '2023-11-25', 0),
(940, '2023-11-26', 0),
(941, '2023-11-27', 1),
(942, '2023-11-28', 1),
(943, '2023-11-29', 1),
(944, '2023-11-30', 1),
(945, '2023-12-01', 1),
(946, '2023-12-02', 0),
(947, '2023-12-03', 0),
(948, '2023-12-04', 1),
(949, '2023-12-05', 1),
(950, '2023-12-06', 1),
(951, '2023-12-07', 1),
(952, '2023-12-08', 1),
(953, '2023-12-09', 0),
(954, '2023-12-10', 0),
(955, '2023-12-11', 1),
(956, '2023-12-12', 1),
(957, '2023-12-13', 1),
(958, '2023-12-14', 1),
(959, '2023-12-15', 1),
(960, '2023-12-16', 0),
(961, '2023-12-17', 0),
(962, '2023-12-18', 1),
(963, '2023-12-19', 1),
(964, '2023-12-20', 1),
(965, '2023-12-21', 1),
(966, '2023-12-22', 1),
(967, '2023-12-23', 0),
(968, '2023-12-24', 0),
(969, '2023-12-25', 1),
(970, '2023-12-26', 1),
(971, '2023-12-27', 1),
(972, '2023-12-28', 1),
(973, '2023-12-29', 1),
(974, '2023-12-30', 0),
(975, '2023-12-31', 0),
(976, '2024-01-01', 1),
(977, '2024-01-02', 1),
(978, '2024-01-03', 1),
(979, '2024-01-04', 1),
(980, '2024-01-05', 1),
(981, '2024-01-06', 0),
(982, '2024-01-07', 0),
(983, '2024-01-08', 1),
(984, '2024-01-09', 1),
(985, '2024-01-10', 1),
(986, '2024-01-11', 1),
(987, '2024-01-12', 1),
(988, '2024-01-13', 0),
(989, '2024-01-14', 0),
(990, '2024-01-15', 1),
(991, '2024-01-16', 1),
(992, '2024-01-17', 1),
(993, '2024-01-18', 1),
(994, '2024-01-19', 1),
(995, '2024-01-20', 0),
(996, '2024-01-21', 0),
(997, '2024-01-22', 1),
(998, '2024-01-23', 1),
(999, '2024-01-24', 1),
(1000, '2024-01-25', 1),
(1001, '2024-01-26', 1),
(1002, '2024-01-27', 0),
(1003, '2024-01-28', 0),
(1004, '2024-01-29', 1),
(1005, '2024-01-30', 1),
(1006, '2024-01-31', 1),
(1007, '2024-02-01', 1),
(1008, '2024-02-02', 1),
(1009, '2024-02-03', 0),
(1010, '2024-02-04', 0),
(1011, '2024-02-05', 1),
(1012, '2024-02-06', 1),
(1013, '2024-02-07', 1),
(1014, '2024-02-08', 1),
(1015, '2024-02-09', 1),
(1016, '2024-02-10', 0),
(1017, '2024-02-11', 0),
(1018, '2024-02-12', 1),
(1019, '2024-02-13', 1),
(1020, '2024-02-14', 1),
(1021, '2024-02-15', 1),
(1022, '2024-02-16', 1),
(1023, '2024-02-17', 0),
(1024, '2024-02-18', 0),
(1025, '2024-02-19', 1),
(1026, '2024-02-20', 1),
(1027, '2024-02-21', 1),
(1028, '2024-02-22', 1),
(1029, '2024-02-23', 1),
(1030, '2024-02-24', 0),
(1031, '2024-02-25', 0),
(1032, '2024-02-26', 1),
(1033, '2024-02-27', 1),
(1034, '2024-02-28', 1),
(1035, '2024-02-29', 1),
(1036, '2024-03-01', 1),
(1037, '2024-03-02', 0),
(1038, '2024-03-03', 0),
(1039, '2024-03-04', 1),
(1040, '2024-03-05', 1),
(1041, '2024-03-06', 1),
(1042, '2024-03-07', 1),
(1043, '2024-03-08', 1),
(1044, '2024-03-09', 0),
(1045, '2024-03-10', 0),
(1046, '2024-03-11', 1),
(1047, '2024-03-12', 1),
(1048, '2024-03-13', 1),
(1049, '2024-03-14', 1),
(1050, '2024-03-15', 1),
(1051, '2024-03-16', 0),
(1052, '2024-03-17', 0),
(1053, '2024-03-18', 1),
(1054, '2024-03-19', 1),
(1055, '2024-03-20', 1),
(1056, '2024-03-21', 1),
(1057, '2024-03-22', 1),
(1058, '2024-03-23', 0),
(1059, '2024-03-24', 0),
(1060, '2024-03-25', 1),
(1061, '2024-03-26', 1),
(1062, '2024-03-27', 1),
(1063, '2024-03-28', 1),
(1064, '2024-03-29', 1),
(1065, '2024-03-30', 0),
(1066, '2024-03-31', 0),
(1067, '2024-04-01', 1),
(1068, '2024-04-02', 1),
(1069, '2024-04-03', 1),
(1070, '2024-04-04', 1),
(1071, '2024-04-05', 1),
(1072, '2024-04-06', 0),
(1073, '2024-04-07', 0),
(1074, '2024-04-08', 1),
(1075, '2024-04-09', 1),
(1076, '2024-04-10', 1),
(1077, '2024-04-11', 1),
(1078, '2024-04-12', 1),
(1079, '2024-04-13', 0),
(1080, '2024-04-14', 0),
(1081, '2024-04-15', 1),
(1082, '2024-04-16', 1),
(1083, '2024-04-17', 1),
(1084, '2024-04-18', 1),
(1085, '2024-04-19', 1),
(1086, '2024-04-20', 0),
(1087, '2024-04-21', 0),
(1088, '2024-04-22', 1),
(1089, '2024-04-23', 1),
(1090, '2024-04-24', 1),
(1091, '2024-04-25', 1),
(1092, '2024-04-26', 1),
(1093, '2024-04-27', 0),
(1094, '2024-04-28', 0),
(1095, '2024-04-29', 1),
(1096, '2024-04-30', 1),
(1097, '2024-05-01', 1),
(1098, '2024-05-02', 1),
(1099, '2024-05-03', 1),
(1100, '2024-05-04', 0),
(1101, '2024-05-05', 0),
(1102, '2024-05-06', 1),
(1103, '2024-05-07', 1),
(1104, '2024-05-08', 1),
(1105, '2024-05-09', 1),
(1106, '2024-05-10', 1),
(1107, '2024-05-11', 0),
(1108, '2024-05-12', 0),
(1109, '2024-05-13', 1),
(1110, '2024-05-14', 1),
(1111, '2024-05-15', 1),
(1112, '2024-05-16', 1),
(1113, '2024-05-17', 1),
(1114, '2024-05-18', 0),
(1115, '2024-05-19', 0),
(1116, '2024-05-20', 1),
(1117, '2024-05-21', 1),
(1118, '2024-05-22', 1),
(1119, '2024-05-23', 1),
(1120, '2024-05-24', 1),
(1121, '2024-05-25', 0),
(1122, '2024-05-26', 0),
(1123, '2024-05-27', 1),
(1124, '2024-05-28', 1),
(1125, '2024-05-29', 1),
(1126, '2024-05-30', 1),
(1127, '2024-05-31', 1),
(1128, '2024-06-01', 0),
(1129, '2024-06-02', 0),
(1130, '2024-06-03', 1),
(1131, '2024-06-04', 1),
(1132, '2024-06-05', 1),
(1133, '2024-06-06', 1),
(1134, '2024-06-07', 1),
(1135, '2024-06-08', 0),
(1136, '2024-06-09', 0),
(1137, '2024-06-10', 1),
(1138, '2024-06-11', 1),
(1139, '2024-06-12', 1),
(1140, '2024-06-13', 1),
(1141, '2024-06-14', 1),
(1142, '2024-06-15', 0),
(1143, '2024-06-16', 0),
(1144, '2024-06-17', 1),
(1145, '2024-06-18', 1),
(1146, '2024-06-19', 1),
(1147, '2024-06-20', 1),
(1148, '2024-06-21', 1),
(1149, '2024-06-22', 0),
(1150, '2024-06-23', 0),
(1151, '2024-06-24', 1),
(1152, '2024-06-25', 1),
(1153, '2024-06-26', 1),
(1154, '2024-06-27', 1),
(1155, '2024-06-28', 1),
(1156, '2024-06-29', 0),
(1157, '2024-06-30', 0);

-- --------------------------------------------------------

--
-- Table structure for table `project_photos`
--

CREATE TABLE `project_photos` (
  `phid` int(11) NOT NULL,
  `pid` int(11) DEFAULT NULL,
  `al_file` varchar(255) DEFAULT NULL,
  `ph_cap` int(11) DEFAULT NULL,
  `date_p` date DEFAULT NULL
) ENGINE=MyISAM DEFAULT CHARSET=latin1;

--
-- Indexes for dumped tables
--

--
-- Indexes for table `boq`
--
ALTER TABLE `boq`
  ADD PRIMARY KEY (`boqid`);

--
-- Indexes for table `boqdata`
--
ALTER TABLE `boqdata`
  ADD PRIMARY KEY (`itemid`);

--
-- Indexes for table `ipc`
--
ALTER TABLE `ipc`
  ADD PRIMARY KEY (`ipcid`);

--
-- Indexes for table `ipcv`
--
ALTER TABLE `ipcv`
  ADD PRIMARY KEY (`ipcvid`);

--
-- AUTO_INCREMENT for dumped tables
--

--
-- AUTO_INCREMENT for table `ipc`
--
ALTER TABLE `ipc`
  MODIFY `ipcid` int(11) NOT NULL AUTO_INCREMENT, AUTO_INCREMENT=8;

--
-- AUTO_INCREMENT for table `ipcv`
--
ALTER TABLE `ipcv`
  MODIFY `ipcvid` int(11) NOT NULL AUTO_INCREMENT, AUTO_INCREMENT=20;
COMMIT;

/*!40101 SET CHARACTER_SET_CLIENT=@OLD_CHARACTER_SET_CLIENT */;
/*!40101 SET CHARACTER_SET_RESULTS=@OLD_CHARACTER_SET_RESULTS */;
/*!40101 SET COLLATION_CONNECTION=@OLD_COLLATION_CONNECTION */;
